-- MariaDB dump 10.19  Distrib 10.4.32-MariaDB, for Win64 (AMD64)
--
-- Host: 127.0.0.1    Database: students_management
-- ------------------------------------------------------
-- Server version	10.4.32-MariaDB

/*!40101 SET @OLD_CHARACTER_SET_CLIENT=@@CHARACTER_SET_CLIENT */;
/*!40101 SET @OLD_CHARACTER_SET_RESULTS=@@CHARACTER_SET_RESULTS */;
/*!40101 SET @OLD_COLLATION_CONNECTION=@@COLLATION_CONNECTION */;
/*!40101 SET NAMES utf8mb4 */;
/*!40103 SET @OLD_TIME_ZONE=@@TIME_ZONE */;
/*!40103 SET TIME_ZONE='+00:00' */;
/*!40014 SET @OLD_UNIQUE_CHECKS=@@UNIQUE_CHECKS, UNIQUE_CHECKS=0 */;
/*!40014 SET @OLD_FOREIGN_KEY_CHECKS=@@FOREIGN_KEY_CHECKS, FOREIGN_KEY_CHECKS=0 */;
/*!40101 SET @OLD_SQL_MODE=@@SQL_MODE, SQL_MODE='NO_AUTO_VALUE_ON_ZERO' */;
/*!40111 SET @OLD_SQL_NOTES=@@SQL_NOTES, SQL_NOTES=0 */;

--
-- Table structure for table `cache`
--

DROP TABLE IF EXISTS `cache`;
/*!40101 SET @saved_cs_client     = @@character_set_client */;
/*!40101 SET character_set_client = utf8 */;
CREATE TABLE `cache` (
  `key` varchar(255) NOT NULL,
  `value` mediumtext NOT NULL,
  `expiration` int(11) NOT NULL,
  PRIMARY KEY (`key`)
) ENGINE=InnoDB DEFAULT CHARSET=utf8mb4 COLLATE=utf8mb4_unicode_ci;
/*!40101 SET character_set_client = @saved_cs_client */;

--
-- Dumping data for table `cache`
--

LOCK TABLES `cache` WRITE;
/*!40000 ALTER TABLE `cache` DISABLE KEYS */;
INSERT INTO `cache` VALUES ('laravel_cache_user_is_super_admin_1','b:1;',1767115979),('laravel_cache_user_permissions_1','a:25:{i:0;s:13:\"view_students\";i:1;s:15:\"create_students\";i:2;s:13:\"edit_students\";i:3;s:15:\"delete_students\";i:4;s:13:\"view_subjects\";i:5;s:15:\"create_subjects\";i:6;s:13:\"edit_subjects\";i:7;s:15:\"delete_subjects\";i:8;s:13:\"view_teachers\";i:9;s:15:\"create_teachers\";i:10;s:13:\"edit_teachers\";i:11;s:15:\"delete_teachers\";i:12;s:10:\"view_roles\";i:13;s:12:\"create_roles\";i:14;s:10:\"edit_roles\";i:15;s:12:\"delete_roles\";i:16;s:18:\"assign_permissions\";i:17;s:16:\"view_permissions\";i:18;s:18:\"create_permissions\";i:19;s:16:\"edit_permissions\";i:20;s:18:\"delete_permissions\";i:21;s:10:\"view_users\";i:22;s:12:\"create_users\";i:23;s:10:\"edit_users\";i:24;s:12:\"delete_users\";}',1767115979);
/*!40000 ALTER TABLE `cache` ENABLE KEYS */;
UNLOCK TABLES;

--
-- Table structure for table `cache_locks`
--

DROP TABLE IF EXISTS `cache_locks`;
/*!40101 SET @saved_cs_client     = @@character_set_client */;
/*!40101 SET character_set_client = utf8 */;
CREATE TABLE `cache_locks` (
  `key` varchar(255) NOT NULL,
  `owner` varchar(255) NOT NULL,
  `expiration` int(11) NOT NULL,
  PRIMARY KEY (`key`)
) ENGINE=InnoDB DEFAULT CHARSET=utf8mb4 COLLATE=utf8mb4_unicode_ci;
/*!40101 SET character_set_client = @saved_cs_client */;

--
-- Dumping data for table `cache_locks`
--

LOCK TABLES `cache_locks` WRITE;
/*!40000 ALTER TABLE `cache_locks` DISABLE KEYS */;
/*!40000 ALTER TABLE `cache_locks` ENABLE KEYS */;
UNLOCK TABLES;

--
-- Table structure for table `classes`
--

DROP TABLE IF EXISTS `classes`;
/*!40101 SET @saved_cs_client     = @@character_set_client */;
/*!40101 SET character_set_client = utf8 */;
CREATE TABLE `classes` (
  `id` bigint(20) unsigned NOT NULL AUTO_INCREMENT,
  `name` varchar(255) NOT NULL,
  `is_active` tinyint(1) NOT NULL DEFAULT 1,
  `created_at` timestamp NULL DEFAULT NULL,
  `updated_at` timestamp NULL DEFAULT NULL,
  PRIMARY KEY (`id`)
) ENGINE=InnoDB AUTO_INCREMENT=11 DEFAULT CHARSET=utf8mb4 COLLATE=utf8mb4_unicode_ci;
/*!40101 SET character_set_client = @saved_cs_client */;

--
-- Dumping data for table `classes`
--

LOCK TABLES `classes` WRITE;
/*!40000 ALTER TABLE `classes` DISABLE KEYS */;
INSERT INTO `classes` VALUES (1,'Class 1',1,'2025-12-30 14:38:07','2025-12-30 14:38:07'),(2,'Class 2',1,'2025-12-30 14:38:07','2025-12-30 14:38:07'),(3,'Class 3',1,'2025-12-30 14:38:07','2025-12-30 14:38:07'),(4,'Class 4',1,'2025-12-30 14:38:07','2025-12-30 14:38:07'),(5,'Class 5',1,'2025-12-30 14:38:07','2025-12-30 14:38:07'),(6,'Class 6',1,'2025-12-30 14:38:07','2025-12-30 14:38:07'),(7,'Class 7',1,'2025-12-30 14:38:07','2025-12-30 14:38:07'),(8,'Class 8',1,'2025-12-30 14:38:07','2025-12-30 14:38:07'),(9,'Class 9',1,'2025-12-30 14:38:07','2025-12-30 14:38:07'),(10,'Class 10',1,'2025-12-30 14:38:07','2025-12-30 14:38:07');
/*!40000 ALTER TABLE `classes` ENABLE KEYS */;
UNLOCK TABLES;

--
-- Table structure for table `districts`
--

DROP TABLE IF EXISTS `districts`;
/*!40101 SET @saved_cs_client     = @@character_set_client */;
/*!40101 SET character_set_client = utf8 */;
CREATE TABLE `districts` (
  `id` bigint(20) unsigned NOT NULL AUTO_INCREMENT,
  `name` varchar(255) NOT NULL,
  `state_id` varchar(255) DEFAULT NULL,
  `created_at` timestamp NULL DEFAULT NULL,
  `updated_at` timestamp NULL DEFAULT NULL,
  PRIMARY KEY (`id`)
) ENGINE=InnoDB AUTO_INCREMENT=75 DEFAULT CHARSET=utf8mb4 COLLATE=utf8mb4_unicode_ci;
/*!40101 SET character_set_client = @saved_cs_client */;

--
-- Dumping data for table `districts`
--

LOCK TABLES `districts` WRITE;
/*!40000 ALTER TABLE `districts` DISABLE KEYS */;
INSERT INTO `districts` VALUES (1,'Panchthar','1','2025-12-30 14:23:41','2025-12-30 14:23:41'),(2,'Ilam','1','2025-12-30 14:23:41','2025-12-30 14:23:41'),(3,'Jhapa','1','2025-12-30 14:23:41','2025-12-30 14:23:41'),(4,'Morang','1','2025-12-30 14:23:41','2025-12-30 14:23:41'),(5,'Sunasari','1','2025-12-30 14:23:41','2025-12-30 14:23:41'),(6,'Dhankuta','1','2025-12-30 14:23:41','2025-12-30 14:23:41'),(7,'Terhathum','1','2025-12-30 14:23:41','2025-12-30 14:23:41'),(8,'Sankhuwasabha','1','2025-12-30 14:23:41','2025-12-30 14:23:41'),(9,'Bhojpur','1','2025-12-30 14:23:41','2025-12-30 14:23:41'),(10,'Solukhumbu','1','2025-12-30 14:23:41','2025-12-30 14:23:41'),(11,'Okhaldhunga','1','2025-12-30 14:23:41','2025-12-30 14:23:41'),(12,'Khotang','1','2025-12-30 14:23:41','2025-12-30 14:23:41'),(13,'Udayapur','1','2025-12-30 14:23:41','2025-12-30 14:23:41'),(14,'Saptari','2','2025-12-30 14:23:41','2025-12-30 14:23:41'),(15,'Siraha','2','2025-12-30 14:23:41','2025-12-30 14:23:41'),(16,'Dhanusha','2','2025-12-30 14:23:41','2025-12-30 14:23:41'),(17,'Mahottari','2','2025-12-30 14:23:41','2025-12-30 14:23:41'),(18,'Sarlahi','2','2025-12-30 14:23:41','2025-12-30 14:23:41'),(19,'Rautahat','2','2025-12-30 14:23:41','2025-12-30 14:23:41'),(20,'Bara','2','2025-12-30 14:23:41','2025-12-30 14:23:41'),(21,'Parsa','2','2025-12-30 14:23:41','2025-12-30 14:23:41'),(22,'Sindhuli','3','2025-12-30 14:23:41','2025-12-30 14:23:41'),(23,'Ramechhap','3','2025-12-30 14:23:41','2025-12-30 14:23:41'),(24,'Dolakha','3','2025-12-30 14:23:41','2025-12-30 14:23:41'),(25,'Sindhupalchok','3','2025-12-30 14:23:41','2025-12-30 14:23:41'),(26,'Kavrepalanchok','3','2025-12-30 14:23:41','2025-12-30 14:23:41'),(27,'Lalitpur','3','2025-12-30 14:23:41','2025-12-30 14:23:41'),(28,'Bhaktapur','3','2025-12-30 14:23:41','2025-12-30 14:23:41'),(29,'Kathmandu','3','2025-12-30 14:23:41','2025-12-30 14:23:41'),(30,'Nuwakot','3','2025-12-30 14:23:41','2025-12-30 14:23:41'),(31,'Rasuwa','3','2025-12-30 14:23:41','2025-12-30 14:23:41'),(32,'Dhading','3','2025-12-30 14:23:41','2025-12-30 14:23:41'),(33,'Makawanpur','3','2025-12-30 14:23:41','2025-12-30 14:23:41'),(34,'Chitwan','3','2025-12-30 14:23:41','2025-12-30 14:23:41'),(35,'Gorkha','4','2025-12-30 14:23:41','2025-12-30 14:23:41'),(36,'Lamjung','4','2025-12-30 14:23:41','2025-12-30 14:23:41'),(37,'Tanahun','4','2025-12-30 14:23:41','2025-12-30 14:23:41'),(38,'Syangja','4','2025-12-30 14:23:41','2025-12-30 14:23:41'),(39,'Kaski','4','2025-12-30 14:23:41','2025-12-30 14:23:41'),(40,'Manang','4','2025-12-30 14:23:41','2025-12-30 14:23:41'),(41,'Mustang','4','2025-12-30 14:23:41','2025-12-30 14:23:41'),(42,'Myagdi','4','2025-12-30 14:23:41','2025-12-30 14:23:41'),(43,'Parbat','4','2025-12-30 14:23:41','2025-12-30 14:23:41'),(44,'Baglung','4','2025-12-30 14:23:41','2025-12-30 14:23:41'),(45,'Nawalparasi','4','2025-12-30 14:23:41','2025-12-30 14:23:41'),(46,'Gulmi','5','2025-12-30 14:23:41','2025-12-30 14:23:41'),(47,'Palpa','5','2025-12-30 14:23:41','2025-12-30 14:23:41'),(48,'Rupandehi','5','2025-12-30 14:23:41','2025-12-30 14:23:41'),(49,'Kapilbastu','5','2025-12-30 14:23:41','2025-12-30 14:23:41'),(50,'Arghakhanchi','5','2025-12-30 14:23:41','2025-12-30 14:23:41'),(51,'Pyuthan','5','2025-12-30 14:23:41','2025-12-30 14:23:41'),(52,'Rolpa','5','2025-12-30 14:23:41','2025-12-30 14:23:41'),(53,'Rukum','5','2025-12-30 14:23:41','2025-12-30 14:23:41'),(54,'Dang','5','2025-12-30 14:23:41','2025-12-30 14:23:41'),(55,'Banke','5','2025-12-30 14:23:41','2025-12-30 14:23:41'),(56,'Bardiya','5','2025-12-30 14:23:41','2025-12-30 14:23:41'),(57,'Salyan','6','2025-12-30 14:23:41','2025-12-30 14:23:41'),(58,'Surkhet','6','2025-12-30 14:23:41','2025-12-30 14:23:41'),(59,'Dailekh','6','2025-12-30 14:23:41','2025-12-30 14:23:41'),(60,'Jajarkot','6','2025-12-30 14:23:41','2025-12-30 14:23:41'),(61,'Dolpa','6','2025-12-30 14:23:41','2025-12-30 14:23:41'),(62,'Jumla','6','2025-12-30 14:23:41','2025-12-30 14:23:41'),(63,'Kalikot','6','2025-12-30 14:23:41','2025-12-30 14:23:41'),(64,'Mugu','6','2025-12-30 14:23:41','2025-12-30 14:23:41'),(65,'Humla','6','2025-12-30 14:23:41','2025-12-30 14:23:41'),(66,'Bajura','7','2025-12-30 14:23:41','2025-12-30 14:23:41'),(67,'Bajhang','7','2025-12-30 14:23:41','2025-12-30 14:23:41'),(68,'Achham','7','2025-12-30 14:23:41','2025-12-30 14:23:41'),(69,'Doti','7','2025-12-30 14:23:41','2025-12-30 14:23:41'),(70,'Kailali','7','2025-12-30 14:23:41','2025-12-30 14:23:41'),(71,'Kanchanpur','7','2025-12-30 14:23:41','2025-12-30 14:23:41'),(72,'Dadeldhura','7','2025-12-30 14:23:41','2025-12-30 14:23:41'),(73,'Baitadi','7','2025-12-30 14:23:41','2025-12-30 14:23:41'),(74,'Darchula','7','2025-12-30 14:23:41','2025-12-30 14:23:41');
/*!40000 ALTER TABLE `districts` ENABLE KEYS */;
UNLOCK TABLES;

--
-- Table structure for table `failed_jobs`
--

DROP TABLE IF EXISTS `failed_jobs`;
/*!40101 SET @saved_cs_client     = @@character_set_client */;
/*!40101 SET character_set_client = utf8 */;
CREATE TABLE `failed_jobs` (
  `id` bigint(20) unsigned NOT NULL AUTO_INCREMENT,
  `uuid` varchar(255) NOT NULL,
  `connection` text NOT NULL,
  `queue` text NOT NULL,
  `payload` longtext NOT NULL,
  `exception` longtext NOT NULL,
  `failed_at` timestamp NOT NULL DEFAULT current_timestamp(),
  PRIMARY KEY (`id`),
  UNIQUE KEY `failed_jobs_uuid_unique` (`uuid`)
) ENGINE=InnoDB DEFAULT CHARSET=utf8mb4 COLLATE=utf8mb4_unicode_ci;
/*!40101 SET character_set_client = @saved_cs_client */;

--
-- Dumping data for table `failed_jobs`
--

LOCK TABLES `failed_jobs` WRITE;
/*!40000 ALTER TABLE `failed_jobs` DISABLE KEYS */;
/*!40000 ALTER TABLE `failed_jobs` ENABLE KEYS */;
UNLOCK TABLES;

--
-- Table structure for table `job_batches`
--

DROP TABLE IF EXISTS `job_batches`;
/*!40101 SET @saved_cs_client     = @@character_set_client */;
/*!40101 SET character_set_client = utf8 */;
CREATE TABLE `job_batches` (
  `id` varchar(255) NOT NULL,
  `name` varchar(255) NOT NULL,
  `total_jobs` int(11) NOT NULL,
  `pending_jobs` int(11) NOT NULL,
  `failed_jobs` int(11) NOT NULL,
  `failed_job_ids` longtext NOT NULL,
  `options` mediumtext DEFAULT NULL,
  `cancelled_at` int(11) DEFAULT NULL,
  `created_at` int(11) NOT NULL,
  `finished_at` int(11) DEFAULT NULL,
  PRIMARY KEY (`id`)
) ENGINE=InnoDB DEFAULT CHARSET=utf8mb4 COLLATE=utf8mb4_unicode_ci;
/*!40101 SET character_set_client = @saved_cs_client */;

--
-- Dumping data for table `job_batches`
--

LOCK TABLES `job_batches` WRITE;
/*!40000 ALTER TABLE `job_batches` DISABLE KEYS */;
/*!40000 ALTER TABLE `job_batches` ENABLE KEYS */;
UNLOCK TABLES;

--
-- Table structure for table `jobs`
--

DROP TABLE IF EXISTS `jobs`;
/*!40101 SET @saved_cs_client     = @@character_set_client */;
/*!40101 SET character_set_client = utf8 */;
CREATE TABLE `jobs` (
  `id` bigint(20) unsigned NOT NULL AUTO_INCREMENT,
  `queue` varchar(255) NOT NULL,
  `payload` longtext NOT NULL,
  `attempts` tinyint(3) unsigned NOT NULL,
  `reserved_at` int(10) unsigned DEFAULT NULL,
  `available_at` int(10) unsigned NOT NULL,
  `created_at` int(10) unsigned NOT NULL,
  PRIMARY KEY (`id`),
  KEY `jobs_queue_index` (`queue`)
) ENGINE=InnoDB DEFAULT CHARSET=utf8mb4 COLLATE=utf8mb4_unicode_ci;
/*!40101 SET character_set_client = @saved_cs_client */;

--
-- Dumping data for table `jobs`
--

LOCK TABLES `jobs` WRITE;
/*!40000 ALTER TABLE `jobs` DISABLE KEYS */;
/*!40000 ALTER TABLE `jobs` ENABLE KEYS */;
UNLOCK TABLES;

--
-- Table structure for table `migrations`
--

DROP TABLE IF EXISTS `migrations`;
/*!40101 SET @saved_cs_client     = @@character_set_client */;
/*!40101 SET character_set_client = utf8 */;
CREATE TABLE `migrations` (
  `id` int(10) unsigned NOT NULL AUTO_INCREMENT,
  `migration` varchar(255) NOT NULL,
  `batch` int(11) NOT NULL,
  PRIMARY KEY (`id`)
) ENGINE=InnoDB AUTO_INCREMENT=22 DEFAULT CHARSET=utf8mb4 COLLATE=utf8mb4_unicode_ci;
/*!40101 SET character_set_client = @saved_cs_client */;

--
-- Dumping data for table `migrations`
--

LOCK TABLES `migrations` WRITE;
/*!40000 ALTER TABLE `migrations` DISABLE KEYS */;
INSERT INTO `migrations` VALUES (1,'0001_01_01_000000_create_users_table',1),(2,'0001_01_01_000001_create_cache_table',1),(3,'0001_01_01_000002_create_jobs_table',1),(4,'2025_08_13_144048_create_classes_table',1),(5,'2025_08_13_144109_create_sections_table',1),(6,'2025_08_13_1442045_create_students_table',1),(7,'2025_08_13_151629_create_states_table',1),(8,'2025_08_13_151645_create_districts_table',1),(9,'2025_08_13_151659_create_municipalities_table',1),(10,'2025_10_15_142959_create_personal_access_tokens_table',1),(11,'2025_10_30_160811_add_soft_deletes_to_students_table',1),(12,'2025_11_04_205236_create_guardians_table',1),(13,'2025_11_20_193657_create_tbl_academic_years_table',1),(14,'2025_12_08_202209_create_subjects_table',1),(15,'2025_12_11_195833_tbl_terms',1),(16,'2025_12_11_201100_create_teachers_table',1),(17,'2025_12_15_202245_teachertablmodify',1),(18,'2025_12_16_204111_create_roles_table',1),(19,'2025_12_16_204355_create_permissions_table',1),(20,'2025_12_16_211623_add_column_parent_id_in_role_table',1),(21,'2025_12_23_203855_add_created_by',1);
/*!40000 ALTER TABLE `migrations` ENABLE KEYS */;
UNLOCK TABLES;

--
-- Table structure for table `municipalities`
--

DROP TABLE IF EXISTS `municipalities`;
/*!40101 SET @saved_cs_client     = @@character_set_client */;
/*!40101 SET character_set_client = utf8 */;
CREATE TABLE `municipalities` (
  `id` bigint(20) unsigned NOT NULL AUTO_INCREMENT,
  `name` varchar(255) NOT NULL,
  `district_id` varchar(255) DEFAULT NULL,
  `created_at` timestamp NULL DEFAULT NULL,
  `updated_at` timestamp NULL DEFAULT NULL,
  PRIMARY KEY (`id`)
) ENGINE=InnoDB AUTO_INCREMENT=745 DEFAULT CHARSET=utf8mb4 COLLATE=utf8mb4_unicode_ci;
/*!40101 SET character_set_client = @saved_cs_client */;

--
-- Dumping data for table `municipalities`
--

LOCK TABLES `municipalities` WRITE;
/*!40000 ALTER TABLE `municipalities` DISABLE KEYS */;
INSERT INTO `municipalities` VALUES (1,'Phungling Municipality','1','2025-08-13 23:49:13','2025-08-13 23:49:13'),(2,'Aatharai Triveni','1','2025-08-13 23:50:23','2025-08-13 23:50:23'),(3,'Sidingawa','1','2025-08-14 04:19:10','2025-08-14 04:19:10'),(4,'Phakatanglung','1','2025-08-14 04:19:22','2025-08-14 04:19:22'),(5,'Mikwa Khola','1','2025-08-14 04:19:49','2025-08-14 04:19:49'),(6,'Meringden','1','2025-08-14 04:20:03','2025-08-14 04:20:03'),(7,'Maiwa Khola','1','2025-08-14 04:20:13','2025-08-14 04:20:13'),(8,'Pathibhara Yangbarak','1','2025-08-14 04:20:26','2025-08-14 04:20:26'),(9,'Sirijunga','1','2025-08-14 04:20:39','2025-08-14 04:20:39'),(10,'Phidim Municipality','2','2025-08-14 04:21:36','2025-08-14 04:21:36'),(11,'Phalelung','2','2025-08-14 04:22:08','2025-08-14 04:22:08'),(12,'Palgunanda','2','2025-08-14 04:23:33','2025-08-14 04:23:33'),(13,'Hilihang','2','2025-08-14 04:24:04','2025-08-14 04:24:04'),(14,'Kummayak','2','2025-08-14 04:24:30','2025-08-14 04:24:30'),(15,'Miklajung','2','2025-08-14 04:24:55','2025-08-14 04:24:55'),(16,'Tumbewa','2','2025-08-14 04:25:21','2025-08-14 04:25:21'),(17,'Yangbarak','2','2025-08-14 04:25:45','2025-08-14 04:25:45'),(18,'Ilam Municipality','3','2025-08-14 04:34:27','2025-08-14 04:34:27'),(19,'Deumai Municipality','3','2025-08-14 04:34:27','2025-08-14 04:34:27'),(20,'Mai Municipality','3','2025-08-14 04:36:07','2025-08-14 04:36:07'),(21,'Suryodaya Municipality','3','2025-08-14 04:36:07','2025-08-14 04:36:07'),(22,'Phakaphokthum','3','2025-08-14 04:36:53','2025-08-14 04:36:53'),(23,'Chulachuli','3','2025-08-14 04:37:07','2025-08-14 04:37:07'),(24,'Mai Jogmai','3','2025-08-14 04:37:54','2025-08-14 04:37:54'),(25,'Mangsebung','3','2025-08-14 04:38:22','2025-08-14 04:38:22'),(26,'Rong','3','2025-08-14 04:38:41','2025-08-14 04:38:41'),(27,'Sandakpur','3','2025-08-14 04:38:57','2025-08-14 04:38:57'),(28,'MechiNagar Municipality','4','2025-08-14 04:40:32','2025-08-14 04:40:32'),(29,'Damak Municipality','4','2025-08-14 04:40:49','2025-08-14 04:40:49'),(30,'Kankai Municipality','4','2025-08-14 04:41:13','2025-08-14 04:41:13'),(31,'Bhadrapur Municipality','4','2025-08-14 04:41:30','2025-08-14 04:41:30'),(32,'Arjundhara Municipality','4','2025-08-14 04:41:49','2025-08-14 04:41:49'),(33,'ShivaSatakshi Municipality','4','2025-08-14 04:42:07','2025-08-14 04:42:07'),(34,'Gauradaha Municipality','4','2025-08-14 04:42:20','2025-08-14 04:42:20'),(35,'Birtamod Municipality','4','2025-08-14 04:42:38','2025-08-14 04:42:38'),(36,'Kamal','4','2025-08-14 04:42:58','2025-08-14 04:42:58'),(37,'Gaurigunj','4','2025-08-14 04:43:11','2025-08-14 04:43:11'),(38,'Barhadashi','4','2025-08-14 04:43:24','2025-08-14 04:43:24'),(39,'Jhapa Gaunpalika','4','2025-08-14 04:43:40','2025-08-14 04:43:40'),(40,'BuddaShanti','4','2025-08-14 04:43:52','2025-08-14 04:43:52'),(41,'Haldibari','4','2025-08-14 04:44:09','2025-08-14 04:44:09'),(42,'Kanchankawal','4','2025-08-14 04:44:20','2025-08-14 04:44:20'),(43,'Biratnagar Sub-Metrpolitan','5','2025-08-14 04:44:44','2025-08-14 04:44:44'),(44,'Belbari Municipality','5','2025-08-14 04:45:50','2025-08-14 04:45:50'),(45,'Letang Municipality','5','2025-08-14 04:46:24','2025-08-14 04:46:24'),(46,'Pathari-Sanishchare Municiplaity','5','2025-08-14 04:46:41','2025-08-14 04:46:41'),(47,'Rangeli Municipality','5','2025-08-14 04:47:32','2025-08-14 04:47:32'),(48,'Ratuwamai Municipality','5','2025-08-14 04:47:47','2025-08-14 04:47:47'),(49,'Sunbarshi Municiplaity','5','2025-08-14 04:48:03','2025-08-14 04:48:03'),(50,'Urlabari Municipality','5','2025-08-14 04:48:18','2025-08-14 04:48:18'),(51,'SundarHaraincha Municipality','5','2025-08-14 04:48:34','2025-08-14 04:48:34'),(52,'BudhiGanga','5','2025-08-14 04:48:50','2025-08-14 04:48:50'),(53,'Dhanpalthan','5','2025-08-14 04:49:03','2025-08-14 04:49:03'),(54,'Gramthan','5','2025-08-14 04:49:16','2025-08-14 04:49:16'),(55,'Jahada','5','2025-08-14 04:49:33','2025-08-14 04:49:33'),(56,'Kanepokhari','5','2025-08-14 04:50:17','2025-08-14 04:50:17'),(57,'Katahari','5','2025-08-14 04:50:27','2025-08-14 04:50:27'),(58,'Kerabari','5','2025-08-14 04:50:54','2025-08-14 04:50:54'),(59,'Miklajung','5','2025-08-14 04:51:08','2025-08-14 04:51:08'),(60,'Itahari Sub-Metropolitan','6','2025-08-14 04:51:34','2025-08-14 04:51:34'),(61,'Dharan Sub-Metropolitan','6','2025-08-14 04:52:40','2025-08-14 04:52:40'),(62,'Inaruwa Municipality','6','2025-08-14 04:52:57','2025-08-14 04:52:57'),(63,'Duhabi Municipality','6','2025-08-14 04:53:12','2025-08-14 04:53:12'),(64,'Ramdhuni Municipality','6','2025-08-14 04:53:26','2025-08-14 04:53:26'),(65,'Baraha Municipality','6','2025-08-14 04:53:39','2025-08-14 04:53:39'),(66,'Dewangunj','6','2025-08-14 04:53:59','2025-08-14 04:53:59'),(67,'Koshi','6','2025-08-14 04:54:12','2025-08-14 04:54:12'),(68,'Gadhi','6','2025-08-14 04:54:24','2025-08-14 04:54:24'),(69,'Barju','6','2025-08-14 04:54:42','2025-08-14 04:54:42'),(70,'Bhokraha','6','2025-08-14 04:54:55','2025-08-14 04:54:55'),(71,'Harinagara','6','2025-08-14 04:55:21','2025-08-14 04:55:21'),(72,'Pakhribas Municipality','7','2025-08-14 04:56:33','2025-08-14 04:56:33'),(73,'Dhankuta Municipality','7','2025-08-14 04:56:53','2025-08-14 04:56:53'),(74,'Mahalaxmi Municipality','7','2025-08-14 04:57:08','2025-08-14 04:57:08'),(75,'SanguriGadhi','7','2025-08-14 04:57:24','2025-08-14 04:57:24'),(76,'Khalsa Chhintang Sahidbhumi','7','2025-08-14 04:57:38','2025-08-14 04:57:38'),(77,'Chhathar Jorpati','7','2025-08-14 04:57:50','2025-08-14 04:57:50'),(78,'Chaubise','7','2025-08-14 04:58:02','2025-08-14 04:58:02'),(79,'Myanglung Municipality','8','2025-08-14 04:58:21','2025-08-14 04:58:21'),(80,'Laligurans Municipality','8','2025-08-14 04:58:36','2025-08-14 04:58:36'),(81,'Aatharai','8','2025-08-14 04:58:53','2025-08-14 04:58:53'),(82,'Chhathar','8','2025-08-14 04:59:06','2025-08-14 04:59:06'),(83,'Phedap','8','2025-08-14 04:59:22','2025-08-14 04:59:22'),(84,'Menchayayem','8','2025-08-14 05:00:01','2025-08-14 05:00:01'),(85,'Chainpur Municipality','9','2025-08-14 05:00:51','2025-08-14 05:00:51'),(86,'DharmaDevi Municipality','9','2025-08-14 05:01:08','2025-08-14 05:01:08'),(87,'Khadbari Municipality','9','2025-08-14 05:01:20','2025-08-14 05:01:20'),(88,'Madi Municipality','9','2025-08-14 05:02:07','2025-08-14 05:02:07'),(89,'PanchKhapan Municipality','9','2025-08-14 05:02:19','2025-08-14 05:02:19'),(90,'Bhot Khola','9','2025-08-14 05:02:46','2025-08-14 05:02:46'),(91,'Chichila','9','2025-08-14 05:03:05','2025-08-14 05:03:05'),(92,'Makalu','9','2025-08-14 05:03:17','2025-08-14 05:03:17'),(93,'Sabhapokhari','9','2025-08-14 05:03:32','2025-08-14 05:03:32'),(94,'Silingchong','9','2025-08-14 05:03:48','2025-08-14 05:03:48'),(95,'Bhojpur Municipality','10','2025-08-14 05:05:14','2025-08-14 05:05:14'),(96,'Shadananda Municipality','10','2025-08-14 05:05:56','2025-08-14 05:05:56'),(97,'Tyamke Maiyum','10','2025-08-14 05:06:13','2025-08-14 05:06:13'),(98,'Ram Prasad Rai','10','2025-08-14 05:06:38','2025-08-14 05:06:38'),(99,'Arun Gaunpalika','10','2025-08-14 05:06:56','2025-08-14 05:06:56'),(100,'PauwaDungama','10','2025-08-14 05:07:10','2025-08-14 05:07:10'),(101,'Salpasilichho','10','2025-08-14 05:07:24','2025-08-14 05:07:24'),(102,'Aamchok','10','2025-08-14 05:07:44','2025-08-14 05:07:44'),(103,'HatuwaGadhi','10','2025-08-14 05:09:10','2025-08-14 05:09:10'),(104,'SoluDudhakund Municipality','11','2025-08-14 05:09:37','2025-08-14 05:09:37'),(105,'Dudhakoshi','11','2025-08-14 05:09:56','2025-08-14 05:09:56'),(106,'Khumbu PasangLhamu','11','2025-08-14 05:10:34','2025-08-14 05:10:34'),(107,'Dudhakaushika','11','2025-08-14 05:10:53','2025-08-14 05:10:53'),(108,'Necha Salyan','11','2025-08-14 05:11:35','2025-08-14 05:11:35'),(109,'Maha Kulung','11','2025-08-14 05:11:50','2025-08-14 05:11:50'),(110,'Likhu Pike','11','2025-08-14 05:12:09','2025-08-14 05:12:09'),(111,'Sotang','11','2025-08-14 05:12:24','2025-08-14 05:12:24'),(112,'SiddiCharan Municipality','12','2025-08-14 05:13:14','2025-08-14 05:13:14'),(113,'Khiji Demba','12','2025-08-14 05:13:14','2025-08-14 05:13:14'),(114,'Champadevi','12','2025-08-14 05:13:40','2025-08-14 05:13:40'),(115,'ChishankhuGadhi','12','2025-08-14 05:13:55','2025-08-14 05:13:55'),(116,'ManeBhanjyang','12','2025-08-14 05:14:09','2025-08-14 05:14:09'),(117,'Molung','12','2025-08-14 05:14:25','2025-08-14 05:14:25'),(118,'Likhu','12','2025-08-14 05:14:40','2025-08-14 05:14:40'),(119,'Sunkoshi','12','2025-08-14 05:14:52','2025-08-14 05:14:52'),(120,'Halesi Tuwachung Municipality','13','2025-08-14 05:15:45','2025-08-14 05:15:45'),(121,'Rupakot Majhuwagadhi Municipality','13','2025-08-14 05:16:04','2025-08-14 05:16:04'),(122,'Aiselukharka','13','2025-08-14 05:16:20','2025-08-14 05:16:20'),(123,'Lamidanda','13','2025-08-14 05:16:37','2025-08-14 05:16:37'),(124,'Jantedhunga ','13','2025-08-14 05:16:54','2025-08-14 05:16:54'),(125,'Khotehang','13','2025-08-14 05:18:56','2025-08-14 05:18:56'),(126,'Kepilasgadhi','13','2025-08-14 05:19:11','2025-08-14 05:19:11'),(127,'Diprung','13','2025-08-14 05:19:28','2025-08-14 05:19:28'),(128,'Sakela','13','2025-08-14 05:19:43','2025-08-14 05:19:43'),(129,'Barahpokhari','13','2025-08-14 05:20:00','2025-08-14 05:20:00'),(130,'Katari Municipality','14','2025-08-14 05:20:43','2025-08-14 05:20:43'),(131,'ChaudandiGadhi Municipality','14','2025-08-14 05:21:00','2025-08-14 05:21:00'),(132,'Triyuga Municipality','14','2025-08-14 05:21:14','2025-08-14 05:21:14'),(133,'Belaka Municipality','14','2025-08-14 05:21:28','2025-08-14 05:21:28'),(134,'Udayapur Gadhi','14','2025-08-14 05:21:42','2025-08-14 05:21:42'),(135,'Tapli','14','2025-08-14 05:22:36','2025-08-14 05:22:36'),(136,'Rautamai','14','2025-08-14 05:22:51','2025-08-14 05:22:51'),(137,'Limchungbung','14','2025-08-14 05:23:05','2025-08-14 05:23:05'),(138,'Rajbiraj Municipality','15','2025-08-14 05:23:28','2025-08-14 05:23:28'),(139,'Kanchanrup Municipality','15','2025-08-14 05:23:42','2025-08-14 05:23:42'),(140,'Dakneshwori Municipality','15','2025-08-14 05:23:59','2025-08-14 05:23:59'),(141,'BodeBarsain Municipality','15','2025-08-14 05:25:36','2025-08-14 05:25:36'),(142,'Khadak Municipality','15','2025-08-14 05:26:08','2025-08-14 05:26:08'),(143,'Shambhunath Municipality','15','2025-08-14 05:26:26','2025-08-14 05:26:26'),(144,'Surunga Municipality','15','2025-08-14 05:26:46','2025-08-14 05:26:46'),(145,'HanumanNagar Kankalini','15','2025-08-14 05:27:02','2025-08-14 05:27:02'),(146,'Krishna Sawaran','15','2025-08-14 05:27:17','2025-08-14 05:27:17'),(147,'Chhinnamasta','15','2025-08-14 05:27:31','2025-08-14 05:27:31'),(148,'Mahadeva','15','2025-08-14 05:27:43','2025-08-14 05:27:43'),(149,'Saptkoshi','15','2025-08-14 05:38:41','2025-08-14 05:38:41'),(150,'Tirhut','15','2025-08-14 05:39:01','2025-08-14 05:39:01'),(151,'Tilathi Koiladi','15','2025-08-14 05:39:15','2025-08-14 05:39:15'),(152,'Rupani','15','2025-08-14 05:39:56','2025-08-14 05:39:56'),(153,'Belhi Chapani','15','2025-08-14 05:40:11','2025-08-14 05:40:11'),(154,'Bishnupura','15','2025-08-14 05:40:39','2025-08-14 05:40:39'),(155,'Lahan Municipality','16','2025-08-14 05:41:02','2025-08-14 05:41:02'),(156,'DhanagadhiMai Municipality','16','2025-08-14 05:41:17','2025-08-14 05:41:17'),(157,'Siraha Municipality','16','2025-08-14 05:41:30','2025-08-14 05:41:30'),(158,'GolBazaar Municipality','16','2025-08-14 05:41:45','2025-08-14 05:41:45'),(159,'Mirchaiya Municipality','16','2025-08-14 05:41:59','2025-08-14 05:41:59'),(160,'Kalyanpur Municipality','16','2025-08-14 05:42:42','2025-08-14 05:42:42'),(161,'Bhagawanpur','16','2025-08-14 05:42:57','2025-08-14 05:42:57'),(162,'Aaurahi','16','2025-08-14 05:43:11','2025-08-14 05:43:11'),(163,'Bishnupur','16','2025-08-14 05:43:27','2025-08-14 05:43:27'),(164,'Sukhipur','16','2025-08-14 05:43:43','2025-08-14 05:43:43'),(165,'Karjanha','16','2025-08-14 05:43:56','2025-08-14 05:43:56'),(166,'Bariyarpatti','16','2025-08-14 05:44:07','2025-08-14 05:44:07'),(167,'Laxmipur Patari','16','2025-08-14 05:44:19','2025-08-14 05:44:19'),(168,'Naraha','16','2025-08-14 05:44:30','2025-08-14 05:44:30'),(169,'Sakhuwanankarkatt','16','2025-08-14 05:44:43','2025-08-14 05:44:43'),(170,'Arnama','16','2025-08-14 05:45:00','2025-08-14 05:45:00'),(171,'Nawarajpur','16','2025-08-14 05:45:13','2025-08-14 05:45:13'),(172,'Janakpur Sub-Metropolitan','17','2025-08-14 05:46:31','2025-08-14 05:46:31'),(173,'Chhireshwarnath Municipality','17','2025-08-14 05:46:47','2025-08-14 05:46:47'),(174,'Ganeshman Charnath Municipality','17','2025-08-14 05:46:59','2025-08-14 05:46:59'),(175,'Dhanusadham Municipality','17','2025-08-14 05:47:12','2025-08-14 05:47:12'),(176,'Nagaraen Municipality','17','2025-08-14 05:47:28','2025-08-14 05:47:28'),(177,'Bideh Municipality','17','2025-08-14 05:47:42','2025-08-14 05:47:42'),(178,'Mithila Municipality','17','2025-08-14 05:47:55','2025-08-14 05:47:55'),(179,'Shahid Nagar Municipality','17','2025-08-14 05:48:09','2025-08-14 05:48:09'),(180,'Sabaila Municipality','17','2025-08-14 05:48:25','2025-08-14 05:48:25'),(181,'Kamala Siddidatri','17','2025-08-14 05:48:58','2025-08-14 05:48:58'),(182,'Janak Nandini','17','2025-08-14 05:49:14','2025-08-14 05:49:14'),(183,'Bateshwor','17','2025-08-14 05:49:50','2025-08-14 05:49:50'),(184,'Mithila Bihari','17','2025-08-14 05:50:04','2025-08-14 05:50:04'),(185,'Mukhiyapatti Musaharmiya','17','2025-08-14 05:50:18','2025-08-14 05:50:18'),(186,'Laxminiya','17','2025-08-14 05:50:28','2025-08-14 05:50:28'),(187,'Hanspur','17','2025-08-14 05:50:41','2025-08-14 05:50:41'),(188,'Aaurahi','17','2025-08-14 05:50:55','2025-08-14 05:50:55'),(189,'Jaleshwor Municipality','18','2025-08-14 05:55:09','2025-08-14 05:55:09'),(190,'Bardibas Municipality','18','2025-08-14 05:55:26','2025-08-14 05:55:26'),(191,'Gaushala Municipality','18','2025-08-14 05:55:41','2025-08-14 05:55:41'),(192,'Ekadara','18','2025-08-14 05:55:53','2025-08-14 05:55:53'),(193,'Sonama','18','2025-08-14 05:56:08','2025-08-14 05:56:08'),(194,'Samsi','18','2025-08-14 05:56:23','2025-08-14 05:56:23'),(195,'Loharpatti','18','2025-08-14 05:56:38','2025-08-14 05:56:38'),(196,'RamGopalpur','18','2025-08-14 05:56:51','2025-08-14 05:56:51'),(197,'Mahottari','18','2025-08-14 05:57:03','2025-08-14 05:57:03'),(198,'Manara','18','2025-08-14 05:57:15','2025-08-14 05:57:15'),(199,'Matihani','18','2025-08-14 05:57:54','2025-08-14 05:57:54'),(200,'Bhangaha','18','2025-08-14 05:58:07','2025-08-14 05:58:07'),(201,'Balawa','18','2025-08-14 05:58:28','2025-08-14 05:58:28'),(202,'Pipara','18','2025-08-14 05:58:36','2025-08-14 05:58:36'),(203,'Aaurahi','18','2025-08-14 05:59:20','2025-08-14 05:59:20'),(204,'Ishworpur Municipality','19','2025-08-14 05:59:43','2025-08-14 05:59:43'),(205,'Malangawa Municipality','19','2025-08-14 06:05:31','2025-08-14 06:05:31'),(206,'Lalbandi Municipality','19','2025-08-14 06:05:51','2025-08-14 06:05:51'),(207,'Haripur Municipality','19','2025-08-14 06:06:26','2025-08-14 06:06:26'),(208,'Haripurwa Municipality','19','2025-08-14 06:06:41','2025-08-14 06:06:41'),(209,'Hariwan Municipality','19','2025-08-14 06:07:00','2025-08-14 06:07:00'),(210,'Barahathawa Municipality','19','2025-08-14 06:08:24','2025-08-14 06:08:24'),(211,'Balara Municipality','19','2025-08-14 06:08:41','2025-08-14 06:08:41'),(212,'Godaita Municipality','19','2025-08-14 06:08:56','2025-08-14 06:08:56'),(213,'Bagamati Municipality','19','2025-08-14 06:09:22','2025-08-14 06:09:22'),(214,'Kabilasi','19','2025-08-14 06:09:48','2025-08-14 06:09:48'),(215,'Chakraghatta','19','2025-08-14 06:10:05','2025-08-14 06:10:05'),(216,'Chandra Nagar','19','2025-08-14 06:10:18','2025-08-14 06:10:18'),(217,'DhanaKoul','19','2025-08-14 06:10:32','2025-08-14 06:10:32'),(218,'Bramhapuri','19','2025-08-14 06:10:46','2025-08-14 06:10:46'),(219,'Ram Nagar','19','2025-08-14 06:11:01','2025-08-14 06:11:01'),(220,'Bishnu','19','2025-08-14 06:11:24','2025-08-14 06:11:24'),(221,'Chandrapur Municipality','20','2025-08-14 06:12:16','2025-08-14 06:12:16'),(222,'Garuda Municipality','20','2025-08-14 06:12:31','2025-08-14 06:12:31'),(223,'Gaur Municipality','20','2025-08-14 06:12:49','2025-08-14 06:12:49'),(224,'BoudhiMai','20','2025-08-14 06:13:06','2025-08-14 06:13:06'),(225,'Brindaban','20','2025-08-14 06:13:27','2025-08-14 06:13:27'),(226,'Devahi Gonahi','20','2025-08-14 06:13:36','2025-08-14 06:13:36'),(227,'Durga Bhagawati','20','2025-08-14 06:13:58','2025-08-14 06:13:58'),(228,'GadhiMai','20','2025-08-14 06:14:07','2025-08-14 06:14:07'),(229,'Gujara','20','2025-08-14 06:14:29','2025-08-14 06:14:29'),(230,'Katahariya','20','2025-08-14 06:14:42','2025-08-14 06:14:42'),(231,'Madhav Narayan','20','2025-08-14 06:14:57','2025-08-14 06:14:57'),(232,'Moulapur','20','2025-08-14 06:15:14','2025-08-14 06:15:14'),(233,'Phatuwa Bijayapur','20','2025-08-14 06:15:30','2025-08-14 06:15:30'),(234,'IshNath','20','2025-08-14 06:15:44','2025-08-14 06:15:44'),(235,'Paroha','20','2025-08-14 06:15:57','2025-08-14 06:15:57'),(236,'Rajpur','20','2025-08-14 06:16:10','2025-08-14 06:16:10'),(237,'Kalaiya Sub-Metrpolish','21','2025-08-14 06:16:38','2025-08-14 06:16:38'),(238,'Jitpur Simara Sub-Metrpolish','21','2025-08-14 06:18:43','2025-08-14 06:18:43'),(239,'Kolhabi Municipality','21','2025-08-14 06:19:04','2025-08-14 06:19:04'),(240,'Nijgadh Municipality','21','2025-08-14 06:19:21','2025-08-14 06:19:21'),(241,'Maha Gahdimai Municipality','21','2025-08-14 06:19:44','2025-08-14 06:19:44'),(242,'Simraun Gadh Municipality','21','2025-08-14 06:20:12','2025-08-14 06:20:12'),(243,'Adarsha Kotwal','21','2025-08-14 06:21:08','2025-08-14 06:21:08'),(244,'Karaiya Mai','21','2025-08-14 06:21:29','2025-08-14 06:21:29'),(245,'Devtaal','21','2025-08-14 06:21:46','2025-08-14 06:21:46'),(246,'PachaRouta','21','2025-08-14 06:22:02','2025-08-14 06:22:02'),(247,'Parawanipur','21','2025-08-14 06:22:44','2025-08-14 06:22:44'),(248,'Prasouni','21','2025-08-14 06:23:01','2025-08-14 06:23:01'),(249,'Pheta','21','2025-08-14 06:23:23','2025-08-14 06:23:23'),(250,'Bara Gadhi','21','2025-08-14 06:23:40','2025-08-14 06:23:40'),(251,'Subarna','21','2025-08-14 06:23:56','2025-08-14 06:23:56'),(252,'Birgunj Sub-Metropolitan','22','2025-08-14 06:25:36','2025-08-14 06:25:36'),(253,'Pokhariya Municipality','22','2025-08-14 06:26:03','2025-08-14 06:26:03'),(254,'Subarnapur','22','2025-08-14 06:26:27','2025-08-14 06:26:27'),(255,'Jagarnathapur','22','2025-08-14 06:27:18','2025-08-14 06:27:18'),(256,'Dhobini','22','2025-08-14 06:28:03','2025-08-14 06:28:03'),(257,'Chhipahar Mai','22','2025-08-14 06:28:29','2025-08-14 06:28:29'),(258,'Pakaha Mainpur','22','2025-08-14 06:29:37','2025-08-14 06:29:37'),(259,'Bindabasini','22','2025-08-14 06:29:59','2025-08-14 06:29:59'),(260,'Bahudar Mai','22','2025-08-14 06:30:34','2025-08-14 06:30:34'),(261,'Belawa','22','2025-08-14 06:30:49','2025-08-14 06:30:49'),(262,'Parsa Gadhi','22','2025-08-14 06:31:14','2025-08-14 06:31:14'),(263,'Sakhuwa Prasouni','22','2025-08-14 06:31:52','2025-08-14 06:31:52'),(264,'Paterwa Sugauli','22','2025-08-14 06:32:08','2025-08-14 06:32:08'),(265,'Kamalamai Municipality','23','2025-08-14 06:32:30','2025-08-14 06:32:30'),(266,'Dudhauli Municipality','23','2025-08-14 06:32:45','2025-08-14 06:32:45'),(267,'Golanjor','23','2025-08-14 06:33:05','2025-08-14 06:33:05'),(268,'Ghyanglekh','23','2025-08-14 06:33:24','2025-08-14 06:33:24'),(269,'Teen Patan','23','2025-08-14 06:33:49','2025-08-14 06:33:49'),(270,'Phikkal','23','2025-08-14 06:34:07','2025-08-14 06:34:07'),(271,'Marin','23','2025-08-14 06:34:25','2025-08-14 06:34:25'),(272,'Sunkoshi','23','2025-08-14 06:34:39','2025-08-14 06:34:39'),(273,'Hariharpur Gadhi','23','2025-08-14 06:34:55','2025-08-14 06:34:55'),(274,'Manthali Municipality','24','2025-08-14 06:36:26','2025-08-14 06:36:26'),(275,'Ramechhap Municipality','24','2025-08-14 06:36:45','2025-08-14 06:36:45'),(276,'Umakunda','24','2025-08-14 06:37:08','2025-08-14 06:37:08'),(277,'KhandaDevi','24','2025-08-14 06:37:28','2025-08-14 06:37:28'),(278,'Gokul Ganga','24','2025-08-14 06:37:47','2025-08-14 06:37:47'),(279,'Doramba','24','2025-08-14 06:38:08','2025-08-14 06:38:08'),(280,'Likhu','24','2025-08-14 06:38:26','2025-08-14 06:38:26'),(281,'Sunapati','24','2025-08-14 06:38:44','2025-08-14 06:38:44'),(282,'Jiri Municipality','25','2025-08-14 06:39:33','2025-08-14 06:39:33'),(283,'Bhimeshwor Muncipality','25','2025-08-14 06:40:32','2025-08-14 06:40:32'),(284,'Kalinchok','25','2025-08-14 06:40:54','2025-08-14 06:40:54'),(285,'Gauri Shankar','25','2025-08-14 06:41:10','2025-08-14 06:41:10'),(286,'Tamakoshi','25','2025-08-14 06:41:25','2025-08-14 06:41:25'),(287,'Melung','25','2025-08-14 06:41:39','2025-08-14 06:41:39'),(288,'Bigu','25','2025-08-14 06:41:54','2025-08-14 06:41:54'),(289,'Baiteshwor','25','2025-08-14 06:42:48','2025-08-14 06:42:48'),(290,'Shailung','25','2025-08-14 06:43:21','2025-08-14 06:43:21'),(291,'Chautara Sangachokgadhi  Municipality','26','2025-08-14 06:43:44','2025-08-14 06:43:44'),(292,'Barhabise Municipality','26','2025-08-14 06:44:04','2025-08-14 06:44:04'),(293,'Melamchi Municipality','26','2025-08-14 06:44:26','2025-08-14 06:44:26'),(294,'Indrawati','26','2025-08-14 06:44:44','2025-08-14 06:44:44'),(295,'Jugal','26','2025-08-14 06:45:02','2025-08-14 06:45:02'),(296,'PanchaPokhari','26','2025-08-14 06:45:20','2025-08-14 06:45:20'),(297,'Balephi','26','2025-08-14 06:45:36','2025-08-14 06:45:36'),(298,'Bhotekoshi','26','2025-08-14 06:46:01','2025-08-14 06:46:01'),(299,'Lishankhu Pakhar','26','2025-08-14 06:46:18','2025-08-14 06:46:18'),(300,'Sunkoshi','26','2025-08-14 06:46:35','2025-08-14 06:46:35'),(301,'Helambu','26','2025-08-14 06:46:50','2025-08-14 06:46:50'),(302,'TripuraSundari','26','2025-08-14 06:47:07','2025-08-14 06:47:07'),(303,'Dhulikhel Municipality','27','2025-08-14 06:49:34','2025-08-14 06:49:34'),(304,'Banepa Municipality','27','2025-08-14 06:49:48','2025-08-14 06:49:48'),(305,'Panauti Municipality','27','2025-08-14 06:50:02','2025-08-14 06:50:02'),(306,'Panchkhal Municipality','27','2025-08-14 06:50:36','2025-08-14 06:50:36'),(307,'Namobuddha Municipality','27','2025-08-14 06:50:52','2025-08-14 06:50:52'),(308,'Mandan Deupur','27','2025-08-14 06:51:05','2025-08-14 06:51:05'),(309,'Khanikhola','27','2025-08-14 06:51:22','2025-08-14 06:51:22'),(310,'Chaunri Deurali','27','2025-08-14 06:51:57','2025-08-14 06:51:57'),(311,'Temal','27','2025-08-14 06:52:11','2025-08-14 06:52:11'),(312,'Bethanchok','27','2025-08-14 06:52:29','2025-08-14 06:52:29'),(313,'Bhumlu','27','2025-08-14 06:52:46','2025-08-14 06:52:46'),(314,'Mahabharat','27','2025-08-14 06:53:01','2025-08-14 06:53:01'),(315,'Roshi','27','2025-08-14 06:54:00','2025-08-14 06:54:00'),(316,'Lalitpur Metropolitan','28','2025-08-14 06:54:40','2025-08-14 06:54:40'),(317,'Godawari Municipality','28','2025-08-14 06:54:57','2025-08-14 06:54:57'),(318,'MahaLaxmi Municipality','28','2025-08-14 06:55:30','2025-08-14 06:55:30'),(319,'Konjyosom','28','2025-08-14 06:56:19','2025-08-14 06:56:19'),(320,'Bagmati','28','2025-08-14 06:56:39','2025-08-14 06:56:39'),(321,'Mahankal','28','2025-08-14 06:56:57','2025-08-14 06:56:57'),(322,'Changunarayan Municipality','29','2025-08-14 06:57:23','2025-08-14 06:57:23'),(323,'Bhaktapur Municipality','29','2025-08-14 06:57:49','2025-08-14 06:57:49'),(324,'Madhyapur Municipality','29','2025-08-14 06:58:11','2025-08-14 06:58:11'),(325,'Surya Binayak Municipality','29','2025-08-14 06:58:36','2025-08-14 06:58:36'),(326,'Kathmandu Metropolitan','30','2025-08-14 06:59:39','2025-08-14 06:59:39'),(327,'Kageswori-Manohara Municipality','30','2025-08-14 06:59:56','2025-08-14 06:59:56'),(328,'Kirtipur Municipality','30','2025-08-14 07:00:14','2025-08-14 07:00:14'),(329,'Gokarneshwor Municipality','30','2025-08-14 07:00:45','2025-08-14 07:00:45'),(330,'Chandragiri Municipality','30','2025-08-14 07:01:07','2025-08-14 07:01:07'),(331,'Tokha Municipality','30','2025-08-14 07:01:25','2025-08-14 07:01:25'),(332,'Tarkeshwor Municiplaity','30','2025-08-14 07:02:09','2025-08-14 07:02:09'),(333,'Daxinkali Municipality','30','2025-08-14 07:02:25','2025-08-14 07:02:25'),(334,'Nagarjun Municipality','30','2025-08-14 07:02:49','2025-08-14 07:02:49'),(335,'Budhanialkantha Municipality','30','2025-08-14 07:03:14','2025-08-14 07:03:14'),(336,'Sankharapur Municipality','30','2025-08-14 07:03:33','2025-08-14 07:03:33'),(337,'Bidur Municipality','31','2025-08-14 07:06:05','2025-08-14 07:06:05'),(338,'Belkot Gadhi Municipality','31','2025-08-14 07:06:25','2025-08-14 07:06:25'),(339,'Kakani','31','2025-08-14 07:06:43','2025-08-14 07:06:43'),(340,'Kispang','31','2025-08-14 07:06:57','2025-08-14 07:06:57'),(341,'Tadi','31','2025-08-14 07:07:15','2025-08-14 07:07:15'),(342,'Tarkeshwor','31','2025-08-14 07:07:29','2025-08-14 07:07:29'),(343,'Dupcheshwor','31','2025-08-14 07:07:45','2025-08-14 07:07:45'),(344,'PanchaKanya','31','2025-08-14 07:08:00','2025-08-14 07:08:00'),(345,'Likhu','31','2025-08-14 07:08:43','2025-08-14 07:08:43'),(346,'Meghang','31','2025-08-14 07:16:25','2025-08-14 07:16:25'),(347,'Shivpuri','31','2025-08-14 07:16:43','2025-08-14 07:16:43'),(348,'Surya Gadhi','31','2025-08-14 07:17:05','2025-08-14 07:17:05'),(349,'Uttar Gaya','32','2025-08-14 07:18:08','2025-08-14 07:18:08'),(350,'Kalika','32','2025-08-14 07:18:28','2025-08-14 07:18:28'),(351,'GosaiKunda','32','2025-08-14 07:18:48','2025-08-14 07:18:48'),(352,'NauKunda','32','2025-08-14 07:19:09','2025-08-14 07:19:09'),(353,'ParbatiKunda','32','2025-08-14 07:19:29','2025-08-14 07:19:29'),(354,'Dhunibesi Municipality','33','2025-08-14 07:20:21','2025-08-14 07:20:21'),(355,'Nilkantha Municipality','33','2025-08-14 07:21:38','2025-08-14 07:21:38'),(356,'Khaniyabas','33','2025-08-14 07:21:59','2025-08-14 07:21:59'),(357,'Gajuri','33','2025-08-14 07:23:26','2025-08-14 07:23:26'),(358,'Galchhi','33','2025-08-14 07:23:48','2025-08-14 07:23:48'),(359,'Ganga Jamuna','33','2025-08-14 07:24:09','2025-08-14 07:24:09'),(360,'Jwalamukhi','33','2025-08-14 07:24:28','2025-08-14 07:24:28'),(361,'Thakre','33','2025-08-14 07:24:50','2025-08-14 07:24:50'),(362,'Netrawati','33','2025-08-14 07:25:06','2025-08-14 07:25:06'),(363,'Benighat Rorang','33','2025-08-14 07:25:22','2025-08-14 07:25:22'),(364,'Rubi Valley','33','2025-08-14 07:25:36','2025-08-14 07:25:36'),(365,'Sidda Lekh','33','2025-08-14 07:25:50','2025-08-14 07:25:50'),(366,'Tripura Sundari','33','2025-08-14 07:26:10','2025-08-14 07:26:10'),(367,'Hetaunda Sub-Metropolitan','34','2025-08-14 07:27:09','2025-08-14 07:27:09'),(368,'Thaha Municipality ','34','2025-08-14 07:27:44','2025-08-14 07:27:44'),(369,'Indra Sarobar','34','2025-08-14 07:28:01','2025-08-14 07:28:01'),(370,'Kailash','34','2025-08-14 07:28:21','2025-08-14 07:28:21'),(371,'Bakaiya','34','2025-08-14 07:28:37','2025-08-14 07:28:37'),(372,'Bagmati','34','2025-08-14 07:28:55','2025-08-14 07:28:55'),(373,'Bhimphedi','34','2025-08-14 07:29:13','2025-08-14 07:29:13'),(374,'Makawanpur Gadhi','34','2025-08-14 07:29:36','2025-08-14 07:29:36'),(375,'Manahari','34','2025-08-14 07:37:30','2025-08-14 07:37:30'),(376,'Raksirang','34','2025-08-14 07:38:12','2025-08-14 07:38:12'),(377,'Bharatpur Metropolitan','35','2025-08-14 07:40:32','2025-08-14 07:40:32'),(378,'Kalika Municipality','35','2025-08-14 07:40:48','2025-08-14 07:40:48'),(379,'Khairhani Municipality','35','2025-08-14 07:41:10','2025-08-14 07:41:10'),(380,'Madi Municipality','35','2025-08-14 07:41:33','2025-08-14 07:41:33'),(381,'Ratna Nagar Municipality','35','2025-08-14 07:42:21','2025-08-14 07:42:21'),(382,'Rapti Municipality','35','2025-08-14 07:42:39','2025-08-14 07:42:39'),(383,'Ichchhakamana','35','2025-08-14 07:43:09','2025-08-14 07:43:09'),(384,'Gorkha Municipality','36','2025-08-14 07:44:01','2025-08-14 07:44:01'),(385,'Palungtar Municipality','36','2025-08-14 07:44:24','2025-08-14 07:44:24'),(386,'Sulikot','36','2025-08-14 07:44:43','2025-08-14 07:44:43'),(387,'Siranchok','36','2025-08-14 07:45:08','2025-08-14 07:45:08'),(388,'Ajirkot','36','2025-08-14 07:45:37','2025-08-14 07:45:37'),(389,'Aarughat','36','2025-08-14 07:46:19','2025-08-14 07:46:19'),(390,'Gandaki','36','2025-08-14 07:46:48','2025-08-14 07:46:48'),(391,'Chumanubri','36','2025-08-14 07:48:04','2025-08-14 07:48:04'),(392,'Dharche','36','2025-08-14 07:48:28','2025-08-14 07:48:28'),(393,'Bhimsen','36','2025-08-14 07:48:46','2025-08-14 07:48:46'),(394,'Shahid Lakhan','36','2025-08-14 07:49:01','2025-08-14 07:49:01'),(395,'Besishahar Municipality','37','2025-08-14 07:50:03','2025-08-14 07:50:03'),(396,'Madhya Nepal Municipality','37','2025-08-14 07:50:27','2025-08-14 07:50:27'),(397,'Rainas Municipality','37','2025-08-14 07:50:45','2025-08-14 07:50:45'),(398,'Sundarbazar Municipality','37','2025-08-14 07:51:26','2025-08-14 07:51:26'),(399,'Kabahola Sothar','37','2025-08-14 07:51:44','2025-08-14 07:51:44'),(400,'Dhudh Pokhari','37','2025-08-14 07:51:58','2025-08-14 07:51:58'),(401,'Dordi','37','2025-08-14 07:52:13','2025-08-14 07:52:13'),(402,'Marsyangdi','37','2025-08-14 07:52:26','2025-08-14 07:52:26'),(403,'Bhanu Municipality','38','2025-08-14 12:27:44','2025-08-14 12:27:44'),(404,'Bhimad Minucipality','38','2025-08-14 12:28:27','2025-08-14 12:28:27'),(405,'Byas Minucipality','38','2025-08-14 12:29:05','2025-08-14 12:29:05'),(406,'Sukla Gandaki Municipality','38','2025-08-14 12:29:37','2025-08-14 12:29:37'),(407,'Aanbu Khaireni','38','2025-08-14 12:29:56','2025-08-14 12:29:56'),(408,'Rishing','38','2025-08-14 12:30:16','2025-08-14 12:30:16'),(409,'Ghiring','38','2025-08-14 12:30:37','2025-08-14 12:30:37'),(410,'Devghat','38','2025-08-14 12:30:55','2025-08-14 12:30:55'),(411,'Myagde','38','2025-08-14 12:31:35','2025-08-14 12:31:35'),(412,'Bandipur','38','2025-08-14 12:31:54','2025-08-14 12:31:54'),(413,'Galyang Municipality','39','2025-08-14 12:32:24','2025-08-14 12:32:24'),(414,'Chapakot Municipality','39','2025-08-14 12:32:51','2025-08-14 12:32:51'),(415,'Putalibazar Municipality','39','2025-08-14 12:33:12','2025-08-14 12:33:12'),(416,'Bhirkot Municipality','39','2025-08-14 12:33:37','2025-08-14 12:33:37'),(417,'Waling Municipality','39','2025-08-14 12:34:39','2025-08-14 12:34:39'),(418,'Arjun Chaupari','39','2025-08-14 12:35:06','2025-08-14 12:35:06'),(419,'Aandhi Khola','39','2025-08-14 12:35:28','2025-08-14 12:35:28'),(420,'Kali Gandaki','39','2025-08-14 12:35:49','2025-08-14 12:35:49'),(421,'Phedi Khola','39','2025-08-14 12:36:55','2025-08-14 12:36:55'),(422,'Biruwa','39','2025-08-14 12:37:25','2025-08-14 12:37:25'),(423,'Harinas','39','2025-08-14 12:39:18','2025-08-14 12:39:18'),(424,'Pokhara Lekhnath Metropolitan','40','2025-08-14 12:40:21','2025-08-14 12:40:21'),(425,'Annapurna','40','2025-08-14 12:40:39','2025-08-14 12:40:39'),(426,'Machhapuchhre','40','2025-08-14 12:41:00','2025-08-14 12:41:00'),(427,'Madi','40','2025-08-14 12:41:24','2025-08-14 12:41:24'),(428,'Rupa','40','2025-08-14 12:42:17','2025-08-14 12:42:17'),(429,'Chame','41','2025-08-14 12:42:41','2025-08-14 12:42:41'),(430,'Nar Phu','41','2025-08-14 12:42:59','2025-08-14 12:42:59'),(431,'Nashong','41','2025-08-14 12:43:15','2025-08-14 12:43:15'),(432,'Nesyang','41','2025-08-14 12:43:55','2025-08-14 12:43:55'),(433,'Gharpajhong','42','2025-08-14 12:45:11','2025-08-14 12:45:11'),(434,'Thasang','42','2025-08-14 12:45:34','2025-08-14 12:45:34'),(435,'Dalome','42','2025-08-14 12:45:52','2025-08-14 12:45:52'),(436,'Lomanthang','42','2025-08-14 12:46:13','2025-08-14 12:46:13'),(437,'Barha Gaun Muktichhetra','42','2025-08-14 12:46:30','2025-08-14 12:46:30'),(438,'Beni Municipality','43','2025-08-14 12:47:48','2025-08-14 12:47:48'),(439,'Annapurna','43','2025-08-14 12:48:08','2025-08-14 12:48:08'),(440,'Dhawalagiri','43','2025-08-14 12:48:35','2025-08-14 12:48:35'),(441,'Mangala','43','2025-08-14 12:49:31','2025-08-14 12:49:31'),(442,'Malika','43','2025-08-14 12:49:52','2025-08-14 12:49:52'),(443,'Raghu Ganga','43','2025-08-14 12:50:14','2025-08-14 12:50:14'),(444,'Kushma Municipality','44','2025-08-14 12:51:51','2025-08-14 12:51:51'),(445,'Phalebas Municipality','44','2025-08-14 12:52:20','2025-08-14 12:52:20'),(446,'Jaljala','44','2025-08-14 12:53:03','2025-08-14 12:53:03'),(447,'Painyoo','44','2025-08-14 12:53:29','2025-08-14 12:53:29'),(448,'Maha Shila','44','2025-08-14 12:53:47','2025-08-14 12:53:47'),(449,'Modi','44','2025-08-14 12:54:13','2025-08-14 12:54:13'),(450,'Bihadi','44','2025-08-14 12:54:58','2025-08-14 12:54:58'),(451,'Baglung Municipality','45','2025-08-14 12:55:36','2025-08-14 12:55:36'),(452,'Galkot Municipality','45','2025-08-14 12:56:14','2025-08-14 12:56:14'),(453,'Jaimini Municipality','45','2025-08-14 12:57:03','2025-08-14 12:57:03'),(454,'Dhorpatan Municipality','45','2025-08-14 12:57:22','2025-08-14 12:57:22'),(455,'Bareng','45','2025-08-14 12:57:43','2025-08-14 12:57:43'),(456,'Kathe Khola','45','2025-08-14 12:58:05','2025-08-14 12:58:05'),(457,'Taman Khola','45','2025-08-14 12:58:24','2025-08-14 12:58:24'),(458,'Tara Khola','45','2025-08-14 12:58:47','2025-08-14 12:58:47'),(459,'Nisi Khola','45','2025-08-14 12:59:07','2025-08-14 12:59:07'),(460,'Badi Gad','45','2025-08-14 12:59:28','2025-08-14 12:59:28'),(461,'Kawasoti Municipality','46','2025-08-14 13:00:31','2025-08-14 13:00:31'),(462,'Gaindakot Municipality','46','2025-08-14 13:00:53','2025-08-14 13:00:53'),(463,'Devchuli Municipality','46','2025-08-14 13:01:16','2025-08-14 13:01:16'),(464,'Bardaghat Municipality','46','2025-08-14 13:01:56','2025-08-14 13:01:56'),(465,'Madhya Bindu Municipality','46','2025-08-14 13:02:16','2025-08-14 13:02:16'),(466,'Ramgram Municipality','46','2025-08-14 13:03:02','2025-08-14 13:03:02'),(467,'Sunwal Municipality','46','2025-08-14 13:03:19','2025-08-14 13:03:19'),(468,'Triveni Susta','46','2025-08-14 13:03:36','2025-08-14 13:03:36'),(469,'Palhi Nandan','46','2025-08-14 13:04:08','2025-08-14 13:04:08'),(470,'Pratappur','46','2025-08-14 13:04:29','2025-08-14 13:04:29'),(471,'Bungdi Kali','46','2025-08-14 13:04:48','2025-08-14 13:04:48'),(472,'Bulingtar','46','2025-08-14 13:05:09','2025-08-14 13:05:09'),(473,'Binayi','46','2025-08-14 13:05:28','2025-08-14 13:05:28'),(474,'Sarawal','46','2025-08-14 13:05:47','2025-08-14 13:05:47'),(475,'Hupsekot','46','2025-08-14 13:06:06','2025-08-14 13:06:06'),(476,'Musikot Municipality','47','2025-08-14 13:08:10','2025-08-14 13:08:10'),(477,'Resunga Municipality','47','2025-08-14 13:08:27','2025-08-14 13:08:27'),(478,'Isma','47','2025-08-14 13:09:26','2025-08-14 13:09:26'),(479,'Kali Gandaki','47','2025-08-14 13:09:43','2025-08-14 13:09:43'),(480,'Gulmi Durbar','47','2025-08-14 13:10:02','2025-08-14 13:10:02'),(481,'Satyawati','47','2025-08-14 13:10:24','2025-08-14 13:10:24'),(482,'Chandrakot','47','2025-08-14 13:11:40','2025-08-14 13:11:40'),(483,'Ruru','47','2025-08-14 13:12:01','2025-08-14 13:12:01'),(484,'Chhatrakot','47','2025-08-14 13:12:20','2025-08-14 13:12:20'),(485,'Dhurkot','47','2025-08-14 13:12:41','2025-08-14 13:12:41'),(486,'Madane','47','2025-08-14 13:12:59','2025-08-14 13:12:59'),(487,'Malika','47','2025-08-14 13:13:43','2025-08-14 13:13:43'),(488,'Rampur Municipality','48','2025-08-14 13:14:42','2025-08-14 13:14:42'),(489,'Tansen Municipality','48','2025-08-14 13:15:26','2025-08-14 13:15:26'),(490,'Nisdi','48','2025-08-14 13:15:43','2025-08-14 13:15:43'),(491,'Purba Khola','48','2025-08-14 13:16:00','2025-08-14 13:16:00'),(492,'Rambha','48','2025-08-14 13:16:24','2025-08-14 13:16:24'),(493,'Matha Gadhi','48','2025-08-14 13:16:52','2025-08-14 13:16:52'),(494,'Tinau','48','2025-08-14 13:18:45','2025-08-14 13:18:45'),(495,'Bagnaskali','48','2025-08-14 13:19:51','2025-08-14 13:19:51'),(496,'Ribdikot','48','2025-08-14 13:20:10','2025-08-14 13:20:10'),(497,'Raina Devi Chhahara','48','2025-08-14 13:20:30','2025-08-14 13:20:30'),(498,'Butwal Sub-Metropolitan','49','2025-08-14 13:22:35','2025-08-14 13:22:35'),(499,'Devdaha Municipality','49','2025-08-14 13:22:55','2025-08-14 13:22:55'),(500,'Lumbini Sanskritik Municipality','49','2025-08-14 13:23:22','2025-08-14 13:23:22'),(501,'Siddharthanagar Municipality','49','2025-08-14 13:23:42','2025-08-14 13:23:42'),(502,'Saina Maina Municipality','49','2025-08-14 13:24:03','2025-08-14 13:24:03'),(503,'Tilottama Municipality','49','2025-08-14 13:24:58','2025-08-14 13:24:58'),(504,'Gaidahawa','49','2025-08-14 13:25:17','2025-08-14 13:25:17'),(505,'Kanchan','49','2025-08-14 13:25:35','2025-08-14 13:25:35'),(506,'Kotahi Mai','49','2025-08-14 13:25:59','2025-08-14 13:25:59'),(507,'Marchawari','49','2025-08-14 13:26:19','2025-08-14 13:26:19'),(508,'Mayadevi','49','2025-08-14 13:26:41','2025-08-14 13:26:41'),(509,'Om Satiya','49','2025-08-14 13:27:32','2025-08-14 13:27:32'),(510,'Rohini','49','2025-08-14 13:27:50','2025-08-14 13:27:50'),(511,'Sammari Mai','49','2025-08-14 13:28:11','2025-08-14 13:28:11'),(512,'Siyari','49','2025-08-14 13:28:36','2025-08-14 13:28:36'),(513,'Suddodhana','49','2025-08-14 13:29:24','2025-08-14 13:29:24'),(514,'Kapilbastu Municipality','50','2025-08-14 13:29:58','2025-08-14 13:29:58'),(515,'Buddabhumi Municipality','50','2025-08-14 13:30:18','2025-08-14 13:30:18'),(516,'Shivaraj Municipality','50','2025-08-14 13:30:39','2025-08-14 13:30:39'),(517,'Maharajganj Municipality','50','2025-08-14 13:30:59','2025-08-14 13:30:59'),(518,'Krishna Nagar Municipality','50','2025-08-14 13:31:17','2025-08-14 13:31:17'),(519,'Banganga Municipality','50','2025-08-14 13:31:38','2025-08-14 13:31:38'),(520,'Mayadevi','50','2025-08-14 13:31:58','2025-08-14 13:31:58'),(521,'Yashodhara','50','2025-08-14 13:32:17','2025-08-14 13:32:17'),(522,'Suddodhana','50','2025-08-14 13:32:38','2025-08-14 13:32:38'),(523,'Bijay Nagar','50','2025-08-14 13:32:59','2025-08-14 13:32:59'),(524,'Sandhikharka Municipality','51','2025-08-14 13:34:15','2025-08-14 13:34:15'),(525,'Shit Ganga Municipality','51','2025-08-14 13:34:35','2025-08-14 13:34:35'),(526,'Bhumikasthan Municipality','51','2025-08-14 13:34:55','2025-08-14 13:34:55'),(527,'Chhatra Dev','51','2025-08-14 13:35:16','2025-08-14 13:35:16'),(528,'Panini','51','2025-08-14 13:35:35','2025-08-14 13:35:35'),(529,'Malarani','51','2025-08-14 13:35:50','2025-08-14 13:35:50'),(530,'Pyuthan Municipality','52','2025-08-14 13:37:13','2025-08-14 13:37:13'),(531,'Swargadwari Municipality','52','2025-08-14 13:37:35','2025-08-14 13:37:35'),(532,'Gaumukhi','52','2025-08-14 13:38:03','2025-08-14 13:38:03'),(533,'Mandavi','52','2025-08-14 13:38:26','2025-08-14 13:38:26'),(534,'Sarumarani','52','2025-08-14 13:38:49','2025-08-14 13:38:49'),(535,'Mallarani','52','2025-08-14 13:40:01','2025-08-14 13:40:01'),(536,'Nau Bahini','52','2025-08-14 13:40:24','2025-08-14 13:40:24'),(537,'Jhimaruk','52','2025-08-14 13:40:44','2025-08-14 13:40:44'),(538,'Eairabati','52','2025-08-14 13:41:18','2025-08-14 13:41:18'),(539,'Rolpa Municipality','53','2025-08-14 13:42:09','2025-08-14 13:42:09'),(540,'Triveni','53','2025-08-14 13:43:56','2025-08-14 13:43:56'),(541,'Dui Kholi','53','2025-08-14 13:44:14','2025-08-14 13:44:14'),(542,'Madi','53','2025-08-14 13:44:29','2025-08-14 13:44:29'),(543,'Runti Gadhi','53','2025-08-14 13:44:43','2025-08-14 13:44:43'),(544,'Lungri','53','2025-08-14 13:45:15','2025-08-14 13:45:15'),(545,'Sukidaha','53','2025-08-14 13:45:27','2025-08-14 13:45:27'),(546,'Sunchhahari','53','2025-08-14 13:46:16','2025-08-14 13:46:16'),(547,'Subarnawati','53','2025-08-14 13:46:32','2025-08-14 13:46:32'),(548,'Thawang','53','2025-08-14 13:46:50','2025-08-14 13:46:50'),(549,'Musikot Municipality','54','2025-08-14 13:48:00','2025-08-14 13:48:00'),(550,'Chaurjahari Municipality','54','2025-08-14 13:48:21','2025-08-14 13:48:21'),(551,'Aathabiskot Municipality','54','2025-08-14 13:48:42','2025-08-14 13:48:42'),(552,'Putha Uttar Ganga','54','2025-08-14 13:49:02','2025-08-14 13:49:02'),(553,'Bhume','54','2025-08-14 13:49:20','2025-08-14 13:49:20'),(554,'Sisne','54','2025-08-14 13:49:37','2025-08-14 13:49:37'),(555,'Barphikot','54','2025-08-14 13:49:57','2025-08-14 13:49:57'),(556,'Triveni','54','2025-08-14 13:50:18','2025-08-14 13:50:18'),(557,'Sani Bheri','54','2025-08-14 13:50:35','2025-08-14 13:50:35'),(558,'Tulsipur Sub-Metropolitan','55','2025-08-14 13:52:19','2025-08-14 13:52:19'),(559,'Ghorahi Sub-Metropolitan','55','2025-08-14 13:52:35','2025-08-14 13:52:35'),(560,'Lamahi Municipality','55','2025-08-14 13:52:54','2025-08-14 13:52:54'),(561,'Banglachuli','55','2025-08-14 13:53:09','2025-08-14 13:53:09'),(562,'Dangi Sharan','55','2025-08-14 13:53:26','2025-08-14 13:53:26'),(563,'Gadhawa','55','2025-08-14 13:53:43','2025-08-14 13:53:43'),(564,'Rajpur','55','2025-08-14 13:53:58','2025-08-14 13:53:58'),(565,'Rapti','55','2025-08-14 13:54:14','2025-08-14 13:54:14'),(566,'Shanti Nagar','55','2025-08-14 13:55:40','2025-08-14 13:55:40'),(567,'Babai','55','2025-08-14 13:56:01','2025-08-14 13:56:01'),(568,'Nepalgunj Sub-Metropolitan','56','2025-08-14 13:56:33','2025-08-14 13:56:33'),(569,'Kohalpur Municipality','56','2025-08-14 13:56:50','2025-08-14 13:56:50'),(570,'Narainapur','56','2025-08-14 13:57:09','2025-08-14 13:57:09'),(571,'Raptisonari','56','2025-08-14 13:57:35','2025-08-14 13:57:35'),(572,'Baijanath','56','2025-08-14 13:57:52','2025-08-14 13:57:52'),(573,'Khajura','56','2025-08-14 13:58:08','2025-08-14 13:58:08'),(574,'Duduwa','56','2025-08-14 13:58:24','2025-08-14 13:58:24'),(575,'Janaki','56','2025-08-14 13:58:41','2025-08-14 13:58:41'),(576,'Gulariya Municipality','57','2025-08-14 13:59:49','2025-08-14 13:59:49'),(577,'Maduvan Municipality','57','2025-08-14 14:00:15','2025-08-14 14:00:15'),(578,'Rajapur Taratal Municipality','57','2025-08-14 14:00:42','2025-08-14 14:00:42'),(579,'Thakura Baba Municipality','57','2025-08-14 16:56:46','2025-08-14 16:56:46'),(580,'Bansgadhi Municipality','57','2025-08-14 16:57:25','2025-08-14 16:57:25'),(581,'Bar Bardiya Municipality','57','2025-08-14 16:57:43','2025-08-14 16:57:43'),(582,'Badhaiya Tal','57','2025-08-14 16:58:37','2025-08-14 16:58:37'),(583,'Geruwa','57','2025-08-14 16:59:24','2025-08-14 16:59:24'),(584,'Sharada Municipality','58','2025-08-14 17:00:04','2025-08-14 17:00:04'),(585,'Bagchaur Municipality','58','2025-08-14 17:00:54','2025-08-14 17:00:54'),(586,'Bangad Kupinde Municipality','58','2025-08-14 17:01:35','2025-08-14 17:01:35'),(587,'Kalimati','58','2025-08-14 17:02:27','2025-08-14 17:02:27'),(588,'Triveni','58','2025-08-14 17:02:58','2025-08-14 17:02:58'),(589,'Kapurkot','58','2025-08-14 17:03:26','2025-08-14 17:03:26'),(590,'Chhatreshwori','58','2025-08-14 17:03:52','2025-08-14 17:03:52'),(591,'Dhorchaur','58','2025-08-14 17:04:42','2025-08-14 17:04:42'),(592,'Kumakha Malika','58','2025-08-14 17:05:02','2025-08-14 17:05:02'),(593,'Darma','58','2025-08-14 17:05:22','2025-08-14 17:05:22'),(594,'Birendra Nagar Municipality','59','2025-08-14 17:05:49','2025-08-14 17:05:49'),(595,'Bheri Ganga Municipality','59','2025-08-14 17:06:15','2025-08-14 17:06:15'),(596,'Gurbhakot Municipality','59','2025-08-14 17:08:32','2025-08-14 17:08:32'),(597,'Panchapuri Municipality','59','2025-08-14 17:09:15','2025-08-14 17:09:15'),(598,'Lek Besi Municipality','59','2025-08-14 17:09:39','2025-08-14 17:09:39'),(599,'Chaukune','59','2025-08-14 17:10:11','2025-08-14 17:10:11'),(600,'Baraha Tal','59','2025-08-14 17:10:34','2025-08-14 17:10:34'),(601,'Chingad','59','2025-08-14 17:10:54','2025-08-14 17:10:54'),(602,'Simta','59','2025-08-14 17:11:26','2025-08-14 17:11:26'),(603,'Narayan Municipality','60','2025-08-14 17:12:25','2025-08-14 17:12:25'),(604,'Dullu Municipality','60','2025-08-14 17:13:24','2025-08-14 17:13:24'),(605,'Chamunda Bindrasaini Municipality','60','2025-08-14 17:13:44','2025-08-14 17:13:44'),(606,'Aathabis Municipality','60','2025-08-14 17:14:14','2025-08-14 17:14:14'),(607,'Bhagawati Mai','60','2025-08-14 17:14:45','2025-08-14 17:14:45'),(608,'Gurans','60','2025-08-14 17:15:07','2025-08-14 17:15:07'),(609,'Dungeshwor','60','2025-08-14 17:16:21','2025-08-14 17:16:21'),(610,'Naumule','60','2025-08-14 17:16:36','2025-08-14 17:16:36'),(611,'Mahabu','60','2025-08-14 17:16:54','2025-08-14 17:16:54'),(612,'Bairavi','60','2025-08-14 17:17:47','2025-08-14 17:17:47'),(613,'Thantikandh','60','2025-08-14 17:18:04','2025-08-14 17:18:04'),(614,'Bheri Municipality','61','2025-08-14 17:19:00','2025-08-14 17:19:00'),(615,'Chhedagad Municipality','61','2025-08-14 17:19:16','2025-08-14 17:19:16'),(616,'Triveni Nalgad Municipality','61','2025-08-14 17:19:30','2025-08-14 17:19:30'),(617,'Kuse','61','2025-08-14 17:19:44','2025-08-14 17:19:44'),(618,'Junichande','61','2025-08-14 17:20:01','2025-08-14 17:20:01'),(619,'Barekot','61','2025-08-14 17:20:25','2025-08-14 17:20:25'),(620,'Shivalaya','61','2025-08-14 17:20:41','2025-08-14 17:20:41'),(621,'Thuli Bheri Municipality','62','2025-08-14 17:21:47','2025-08-14 17:21:47'),(622,'Tripura Sundari Municipality','62','2025-08-14 17:22:15','2025-08-14 17:22:15'),(623,'Dolpo Buddha','62','2025-08-14 17:22:59','2025-08-14 17:22:59'),(624,'She-Phoksundo','62','2025-08-14 17:23:17','2025-08-14 17:23:17'),(625,'Jagadulla','62','2025-08-14 17:23:40','2025-08-14 17:23:40'),(626,'Mudke Chula gaun','62','2025-08-14 17:24:00','2025-08-14 17:24:00'),(627,'Kaieke','62','2025-08-14 17:24:34','2025-08-14 17:24:34'),(628,'Chharka Tongsong','62','2025-08-14 17:25:09','2025-08-14 17:25:09'),(629,'Chandannath Municipality','63','2025-08-14 17:26:34','2025-08-14 17:26:34'),(630,'Kanaka Sundari','63','2025-08-14 17:26:54','2025-08-14 17:26:54'),(631,'Sinja','63','2025-08-14 17:27:16','2025-08-14 17:27:16'),(632,'Hima','63','2025-08-14 17:27:46','2025-08-14 17:27:46'),(633,'Tila','63','2025-08-14 17:28:11','2025-08-14 17:28:11'),(634,'Guthichaur','63','2025-08-14 17:28:40','2025-08-14 17:28:40'),(635,'Tatopani','63','2025-08-14 17:29:00','2025-08-14 17:29:00'),(636,'Patarasi','63','2025-08-14 17:29:28','2025-08-14 17:29:28'),(637,'Khandachakra Municipality','64','2025-08-14 17:30:10','2025-08-14 17:30:10'),(638,'Raskot Municipality','64','2025-08-14 17:30:33','2025-08-14 17:30:33'),(639,'Tila Gupha Municipality','64','2025-08-14 17:32:00','2025-08-14 17:32:00'),(640,'Pachal Jharana','64','2025-08-14 17:32:20','2025-08-14 17:32:20'),(641,'Sanni Triveni','64','2025-08-14 17:32:41','2025-08-14 17:32:41'),(642,'Narhari Nath','64','2025-08-14 17:33:40','2025-08-14 17:33:40'),(643,'Kalika','64','2025-08-14 17:34:17','2025-08-14 17:34:17'),(644,'Mahawai','64','2025-08-14 17:34:36','2025-08-14 17:34:36'),(645,'Palata','64','2025-08-14 17:35:12','2025-08-14 17:35:12'),(646,'Chhaya Nath Rara Municipality','65','2025-08-14 17:36:46','2025-08-14 17:36:46'),(647,'Mugumakarmarong','65','2025-08-14 17:37:10','2025-08-14 17:37:10'),(648,'Soru','65','2025-08-14 17:37:39','2025-08-14 17:37:39'),(649,'Khatyad','65','2025-08-14 17:37:57','2025-08-14 17:37:57'),(650,'Simkot','66','2025-08-14 17:39:15','2025-08-14 17:39:15'),(651,'Namkha','66','2025-08-14 17:39:28','2025-08-14 17:39:28'),(652,'Kharpu Nath','66','2025-08-14 17:39:46','2025-08-14 17:39:46'),(653,'Sarkegad','66','2025-08-14 17:40:03','2025-08-14 17:40:03'),(654,'Chankheli','66','2025-08-14 17:40:21','2025-08-14 17:40:21'),(655,'Adanchuli','66','2025-08-14 17:40:34','2025-08-14 17:40:34'),(656,'Tanjakot','66','2025-08-14 17:40:47','2025-08-14 17:40:47'),(657,'Badi Malika Municipality','67','2025-08-14 17:41:42','2025-08-14 17:41:42'),(658,'Triveni Municipality','67','2025-08-14 17:41:42','2025-08-14 17:41:42'),(659,'Budhi Ganga Municipality','67','2025-08-14 17:42:00','2025-08-14 17:42:00'),(660,'Budhi Nanda Municipality','67','2025-08-14 17:43:23','2025-08-14 17:43:23'),(661,'Gaumul','67','2025-08-14 17:43:23','2025-08-14 17:43:23'),(662,'Pandav Gupha','67','2025-08-14 17:43:45','2025-08-14 17:43:45'),(663,'SwamiKartik','67','2025-08-14 17:44:07','2025-08-14 17:44:07'),(664,'Chhededaha','67','2025-08-14 17:44:25','2025-08-14 17:44:25'),(665,'Himali','67','2025-08-14 17:44:54','2025-08-14 17:44:54'),(666,'Jaya Prithvi Municipality','68','2025-08-14 17:56:31','2025-08-14 17:56:31'),(667,'Bungal Municipality','68','2025-08-14 17:56:52','2025-08-14 17:56:52'),(668,'Talkot','68','2025-08-14 17:57:25','2025-08-14 17:57:25'),(669,'Masta','68','2025-08-14 18:00:14','2025-08-14 18:00:14'),(670,'Khaptadchhanna','68','2025-08-14 18:00:59','2025-08-14 18:00:59'),(671,'Thalara','68','2025-08-14 18:01:22','2025-08-14 18:01:22'),(672,'Bitthadchir','68','2025-08-14 18:01:43','2025-08-14 18:01:43'),(673,'Surma','68','2025-08-14 18:02:03','2025-08-14 18:02:03'),(674,'Chhabis Pathibhera','68','2025-08-14 18:02:19','2025-08-14 18:02:19'),(675,'Durgathali','68','2025-08-14 18:02:37','2025-08-14 18:02:37'),(676,'Kedarsyun','68','2025-08-14 18:04:01','2025-08-14 18:04:01'),(677,'Kanda','68','2025-08-14 18:04:27','2025-08-14 18:04:27'),(678,'Mangalsen Municipality','69','2025-08-14 18:04:46','2025-08-14 18:04:46'),(679,'Sanfebagar Municipality','69','2025-08-14 18:05:02','2025-08-14 18:05:02'),(680,'Kamalbazar Municiplaity','69','2025-08-14 18:05:18','2025-08-14 18:05:18'),(681,'Panchdeval Binayak Municiplaity','69','2025-08-14 18:05:40','2025-08-14 18:05:40'),(682,'Chourpati','69','2025-08-14 18:06:00','2025-08-14 18:06:00'),(683,'Mellekh','69','2025-08-14 18:06:22','2025-08-14 18:06:22'),(684,'Bannigadhi Jayagadh','69','2025-08-14 18:06:41','2025-08-14 18:06:41'),(685,'RamaRoshan','69','2025-08-14 18:07:00','2025-08-14 18:07:00'),(686,'Dhakari','69','2025-08-14 18:07:20','2025-08-14 18:07:20'),(687,'Turmakhand','69','2025-08-14 18:09:18','2025-08-14 18:09:18'),(688,'Dipayal-Silgadi Municipality','70','2025-08-14 18:10:41','2025-08-14 18:10:41'),(689,'Shikhar Municipality','70','2025-08-14 18:11:00','2025-08-14 18:11:00'),(690,'Purbi Chouki','70','2025-08-14 18:11:20','2025-08-14 18:11:20'),(691,'Badikedar','70','2025-08-14 18:11:48','2025-08-14 18:11:48'),(692,'Jorayal','70','2025-08-14 18:13:17','2025-08-14 18:13:17'),(693,'Sayal','70','2025-08-14 18:13:42','2025-08-14 18:13:42'),(694,'Aadarsha','70','2025-08-14 18:14:00','2025-08-14 18:14:00'),(695,'K.I. Singh','70','2025-08-14 18:14:16','2025-08-14 18:14:16'),(696,'Bogtan','70','2025-08-14 18:14:45','2025-08-14 18:14:45'),(697,'Dhangadhi Sub-Metropolitan','71','2025-08-13 18:17:04','2025-08-13 18:17:04'),(698,'Tikapur Muncipality','71','2025-08-13 18:18:45','2025-08-13 18:18:45'),(699,'Ghodaghodi Municipality','71','2025-08-13 18:20:34','2025-08-13 18:20:34'),(700,'Lamki-Chuha Municipality','71','2025-08-13 18:21:36','2025-08-13 18:21:36'),(701,'Bhajani Municipality','71','2025-08-13 18:21:58','2025-08-13 18:21:58'),(702,'Godavari Municipality','71','2025-08-13 18:22:14','2025-08-13 18:22:14'),(703,'Gauri Ganga Municipality','71','2025-08-13 18:22:38','2025-08-13 18:22:38'),(704,'Janaki','71','2025-08-13 18:23:05','2025-08-13 18:23:05'),(705,'Bardagoriya','71','2025-08-13 18:23:58','2025-08-13 18:23:58'),(706,'Mohanyal','71','2025-08-13 18:24:28','2025-08-13 18:24:28'),(707,'Kailari','71','2025-08-13 18:25:23','2025-08-13 18:25:23'),(708,'Joshipur','71','2025-08-13 18:26:07','2025-08-13 18:26:07'),(709,'Chure','71','2025-08-13 18:26:37','2025-08-13 18:26:37'),(710,'Bhimdatta Municipality','72','2025-08-13 18:28:45','2025-08-13 18:28:45'),(711,'Punarbas Municipality','72','2025-08-13 18:29:07','2025-08-13 18:29:07'),(712,'Bedkot Municipality','72','2025-08-13 18:29:26','2025-08-13 18:29:26'),(713,'Mahakali Municipality','72','2025-08-13 18:29:45','2025-08-13 18:29:45'),(714,'Shuklaphanta Municipality','72','2025-08-13 18:30:07','2025-08-13 18:30:07'),(715,'Belauri Municipality','72','2025-08-13 18:30:25','2025-08-13 18:30:25'),(716,'Krishnapur Municipality','72','2025-08-13 18:31:02','2025-08-13 18:31:02'),(717,'Beldandi','72','2025-08-13 18:31:30','2025-08-13 18:31:30'),(718,'Laljhadi','72','2025-08-13 18:32:32','2025-08-13 18:32:32'),(719,'Amargadhi Municipality','73','2025-08-13 18:32:58','2025-08-13 18:32:58'),(720,'Parashuram Municipality','73','2025-08-13 18:33:11','2025-08-13 18:33:11'),(721,'Aalitaal','73','2025-08-13 18:33:30','2025-08-13 18:33:30'),(722,'Bhageshwor','73','2025-08-13 18:33:49','2025-08-13 18:33:49'),(723,'Navadurga','73','2025-08-13 18:34:07','2025-08-13 18:34:07'),(724,'Ajaymeru','73','2025-08-13 18:34:22','2025-08-13 18:34:22'),(725,'Ganyapdhura','73','2025-08-13 18:35:42','2025-08-13 18:35:42'),(726,'Dasharath Chanda Municipality','74','2025-08-13 18:36:41','2025-08-13 18:36:41'),(727,'Patan Municipality','74','2025-08-13 18:37:19','2025-08-13 18:37:19'),(728,'Melauli Municipality','74','2025-08-13 18:37:33','2025-08-13 18:37:33'),(729,'Purchaundi Municipality','74','2025-08-13 18:37:51','2025-08-13 18:37:51'),(730,'Surnaiya','74','2025-08-13 18:38:08','2025-08-13 18:38:08'),(731,'Sigas','74','2025-08-13 18:38:45','2025-08-13 18:38:45'),(732,'Shivanath','74','2025-08-13 18:39:27','2025-08-13 18:39:27'),(733,'Pancheshwor','74','2025-08-13 18:39:41','2025-08-13 18:39:41'),(734,'Dogada Kedar','74','2025-08-13 18:40:00','2025-08-13 18:40:00'),(735,'Dilasaini ','74','2025-08-13 18:40:00','2025-08-13 18:40:00'),(736,'Mahakali Municipality','75','2025-08-13 18:42:31','2025-08-13 18:42:31'),(737,'Sailya Shikhar Municipality','75','2025-08-13 18:42:50','2025-08-13 18:42:50'),(738,'Malikarjun','75','2025-08-13 18:43:02','2025-08-13 18:43:02'),(739,'Api Himal','75','2025-08-13 18:43:15','2025-08-13 18:43:15'),(740,'Duhun','75','2025-08-13 18:43:27','2025-08-13 18:43:27'),(741,'Naugad','75','2025-08-13 18:43:27','2025-08-13 18:43:27'),(742,'Marma','75','2025-08-13 18:44:39','2025-08-13 18:44:39'),(743,'Lekam','75','2025-08-13 18:44:59','2025-08-13 18:44:59'),(744,'Byans','75','2025-08-13 18:45:13','2025-08-13 18:45:13');
/*!40000 ALTER TABLE `municipalities` ENABLE KEYS */;
UNLOCK TABLES;

--
-- Table structure for table `password_reset_tokens`
--

DROP TABLE IF EXISTS `password_reset_tokens`;
/*!40101 SET @saved_cs_client     = @@character_set_client */;
/*!40101 SET character_set_client = utf8 */;
CREATE TABLE `password_reset_tokens` (
  `email` varchar(255) NOT NULL,
  `token` varchar(255) NOT NULL,
  `created_at` timestamp NULL DEFAULT NULL,
  PRIMARY KEY (`email`)
) ENGINE=InnoDB DEFAULT CHARSET=utf8mb4 COLLATE=utf8mb4_unicode_ci;
/*!40101 SET character_set_client = @saved_cs_client */;

--
-- Dumping data for table `password_reset_tokens`
--

LOCK TABLES `password_reset_tokens` WRITE;
/*!40000 ALTER TABLE `password_reset_tokens` DISABLE KEYS */;
/*!40000 ALTER TABLE `password_reset_tokens` ENABLE KEYS */;
UNLOCK TABLES;

--
-- Table structure for table `personal_access_tokens`
--

DROP TABLE IF EXISTS `personal_access_tokens`;
/*!40101 SET @saved_cs_client     = @@character_set_client */;
/*!40101 SET character_set_client = utf8 */;
CREATE TABLE `personal_access_tokens` (
  `id` bigint(20) unsigned NOT NULL AUTO_INCREMENT,
  `tokenable_type` varchar(255) NOT NULL,
  `tokenable_id` bigint(20) unsigned NOT NULL,
  `name` text NOT NULL,
  `token` varchar(64) NOT NULL,
  `abilities` text DEFAULT NULL,
  `last_used_at` timestamp NULL DEFAULT NULL,
  `expires_at` timestamp NULL DEFAULT NULL,
  `created_at` timestamp NULL DEFAULT NULL,
  `updated_at` timestamp NULL DEFAULT NULL,
  PRIMARY KEY (`id`),
  UNIQUE KEY `personal_access_tokens_token_unique` (`token`),
  KEY `personal_access_tokens_tokenable_type_tokenable_id_index` (`tokenable_type`,`tokenable_id`),
  KEY `personal_access_tokens_expires_at_index` (`expires_at`)
) ENGINE=InnoDB DEFAULT CHARSET=utf8mb4 COLLATE=utf8mb4_unicode_ci;
/*!40101 SET character_set_client = @saved_cs_client */;

--
-- Dumping data for table `personal_access_tokens`
--

LOCK TABLES `personal_access_tokens` WRITE;
/*!40000 ALTER TABLE `personal_access_tokens` DISABLE KEYS */;
/*!40000 ALTER TABLE `personal_access_tokens` ENABLE KEYS */;
UNLOCK TABLES;

--
-- Table structure for table `sections`
--

DROP TABLE IF EXISTS `sections`;
/*!40101 SET @saved_cs_client     = @@character_set_client */;
/*!40101 SET character_set_client = utf8 */;
CREATE TABLE `sections` (
  `id` bigint(20) unsigned NOT NULL AUTO_INCREMENT,
  `name` varchar(255) NOT NULL,
  `is_active` tinyint(1) NOT NULL DEFAULT 1,
  `created_at` timestamp NULL DEFAULT NULL,
  `updated_at` timestamp NULL DEFAULT NULL,
  PRIMARY KEY (`id`)
) ENGINE=InnoDB AUTO_INCREMENT=9 DEFAULT CHARSET=utf8mb4 COLLATE=utf8mb4_unicode_ci;
/*!40101 SET character_set_client = @saved_cs_client */;

--
-- Dumping data for table `sections`
--

LOCK TABLES `sections` WRITE;
/*!40000 ALTER TABLE `sections` DISABLE KEYS */;
INSERT INTO `sections` VALUES (1,'Section A',1,NULL,NULL),(2,'Section B',1,NULL,NULL),(3,'Section C',1,NULL,NULL),(4,'Section D',1,NULL,NULL),(5,'Section E',1,NULL,NULL),(6,'Section F',1,NULL,NULL),(7,'Section G',1,NULL,NULL),(8,'Section H',1,NULL,NULL);
/*!40000 ALTER TABLE `sections` ENABLE KEYS */;
UNLOCK TABLES;

--
-- Table structure for table `sessions`
--

DROP TABLE IF EXISTS `sessions`;
/*!40101 SET @saved_cs_client     = @@character_set_client */;
/*!40101 SET character_set_client = utf8 */;
CREATE TABLE `sessions` (
  `id` varchar(255) NOT NULL,
  `user_id` bigint(20) unsigned DEFAULT NULL,
  `ip_address` varchar(45) DEFAULT NULL,
  `user_agent` text DEFAULT NULL,
  `payload` longtext NOT NULL,
  `last_activity` int(11) NOT NULL,
  PRIMARY KEY (`id`),
  KEY `sessions_user_id_index` (`user_id`),
  KEY `sessions_last_activity_index` (`last_activity`)
) ENGINE=InnoDB DEFAULT CHARSET=utf8mb4 COLLATE=utf8mb4_unicode_ci;
/*!40101 SET character_set_client = @saved_cs_client */;

--
-- Dumping data for table `sessions`
--

LOCK TABLES `sessions` WRITE;
/*!40000 ALTER TABLE `sessions` DISABLE KEYS */;
INSERT INTO `sessions` VALUES ('clxkl7f0M05L9HyN9OOsq4hC8fDwDL1Gzss95jWR',1,'127.0.0.1','Mozilla/5.0 (Windows NT 10.0; Win64; x64) AppleWebKit/537.36 (KHTML, like Gecko) Chrome/143.0.0.0 Safari/537.36','YTo1OntzOjY6Il90b2tlbiI7czo0MDoiejNyUjE5R2YyZ2JtN1JoQ2c0VkVtZ3NzN0o4M05ZTGFjaFhuSFJSRCI7czozOiJ1cmwiO2E6MTp7czo4OiJpbnRlbmRlZCI7czozMToiaHR0cDovLzEyNy4wLjAuMTo4MDAwL2Rhc2hib2FyZCI7fXM6OToiX3ByZXZpb3VzIjthOjE6e3M6MzoidXJsIjtzOjQwOiJodHRwOi8vMTI3LjAuMC4xOjgwMDAvcGVybWlzc2lvbnMvZWRpdC8xIjt9czo2OiJfZmxhc2giO2E6Mjp7czozOiJvbGQiO2E6MDp7fXM6MzoibmV3IjthOjA6e319czo1MDoibG9naW5fd2ViXzU5YmEzNmFkZGMyYjJmOTQwMTU4MGYwMTRjN2Y1OGVhNGUzMDk4OWQiO2k6MTt9',1767113306);
/*!40000 ALTER TABLE `sessions` ENABLE KEYS */;
UNLOCK TABLES;

--
-- Table structure for table `states`
--

DROP TABLE IF EXISTS `states`;
/*!40101 SET @saved_cs_client     = @@character_set_client */;
/*!40101 SET character_set_client = utf8 */;
CREATE TABLE `states` (
  `id` bigint(20) unsigned NOT NULL AUTO_INCREMENT,
  `name` varchar(255) NOT NULL,
  `nepali_name` varchar(255) DEFAULT NULL,
  `created_at` timestamp NULL DEFAULT NULL,
  `updated_at` timestamp NULL DEFAULT NULL,
  PRIMARY KEY (`id`)
) ENGINE=InnoDB AUTO_INCREMENT=8 DEFAULT CHARSET=utf8mb4 COLLATE=utf8mb4_unicode_ci;
/*!40101 SET character_set_client = @saved_cs_client */;

--
-- Dumping data for table `states`
--

LOCK TABLES `states` WRITE;
/*!40000 ALTER TABLE `states` DISABLE KEYS */;
INSERT INTO `states` VALUES (1,'Koshi Pradesh',' ','2025-12-30 14:23:40','2025-12-30 14:23:40'),(2,'Madhesh Pradesh',' ','2025-12-30 14:23:40','2025-12-30 14:23:40'),(3,'Bagmati Pradesh',' ','2025-12-30 14:23:40','2025-12-30 14:23:40'),(4,'Gandaki Pradesh',' ','2025-12-30 14:23:40','2025-12-30 14:23:40'),(5,'Lumbini Pradesh',' ','2025-12-30 14:23:40','2025-12-30 14:23:40'),(6,'Karnali Pradesh',' ','2025-12-30 14:23:40','2025-12-30 14:23:40'),(7,'Sudurpashchim Pradesh',' ','2025-12-30 14:23:40','2025-12-30 14:23:40');
/*!40000 ALTER TABLE `states` ENABLE KEYS */;
UNLOCK TABLES;

--
-- Table structure for table `students`
--

DROP TABLE IF EXISTS `students`;
/*!40101 SET @saved_cs_client     = @@character_set_client */;
/*!40101 SET character_set_client = utf8 */;
CREATE TABLE `students` (
  `id` bigint(20) unsigned NOT NULL AUTO_INCREMENT,
  `first_name` varchar(255) NOT NULL,
  `middle_name` varchar(255) DEFAULT NULL,
  `last_name` varchar(255) NOT NULL,
  `email` varchar(255) DEFAULT NULL,
  `phone` varchar(255) DEFAULT NULL,
  `age` varchar(255) NOT NULL,
  `date_of_birth` date NOT NULL,
  `class_id` bigint(20) unsigned NOT NULL,
  `section_id` varchar(255) DEFAULT NULL,
  `father_name` varchar(255) DEFAULT NULL,
  `mother_name` varchar(255) DEFAULT NULL,
  `guardian_name` varchar(255) DEFAULT NULL,
  `contact_number` varchar(255) DEFAULT NULL,
  `photo` varchar(255) DEFAULT NULL,
  `joined_date` datetime NOT NULL,
  `address` varchar(255) DEFAULT NULL,
  `state_id` int(11) DEFAULT NULL,
  `district_id` int(11) DEFAULT NULL,
  `municipality_id` int(11) DEFAULT NULL,
  `is_active` tinyint(1) NOT NULL DEFAULT 1,
  `created_by` int(11) DEFAULT NULL,
  `created_at` timestamp NULL DEFAULT NULL,
  `updated_at` timestamp NULL DEFAULT NULL,
  `deleted_at` timestamp NULL DEFAULT NULL,
  PRIMARY KEY (`id`),
  KEY `students_class_id_foreign` (`class_id`),
  CONSTRAINT `students_class_id_foreign` FOREIGN KEY (`class_id`) REFERENCES `classes` (`id`) ON DELETE CASCADE
) ENGINE=InnoDB DEFAULT CHARSET=utf8mb4 COLLATE=utf8mb4_unicode_ci;
/*!40101 SET character_set_client = @saved_cs_client */;

--
-- Dumping data for table `students`
--

LOCK TABLES `students` WRITE;
/*!40000 ALTER TABLE `students` DISABLE KEYS */;
/*!40000 ALTER TABLE `students` ENABLE KEYS */;
UNLOCK TABLES;

--
-- Table structure for table `tbl_academic_years`
--

DROP TABLE IF EXISTS `tbl_academic_years`;
/*!40101 SET @saved_cs_client     = @@character_set_client */;
/*!40101 SET character_set_client = utf8 */;
CREATE TABLE `tbl_academic_years` (
  `id` bigint(20) unsigned NOT NULL AUTO_INCREMENT,
  `academic_year` varchar(255) NOT NULL,
  `start_date` date NOT NULL,
  `end_date` date NOT NULL,
  `is_active` tinyint(1) NOT NULL DEFAULT 1,
  `created_at` timestamp NULL DEFAULT NULL,
  `updated_at` timestamp NULL DEFAULT NULL,
  PRIMARY KEY (`id`),
  UNIQUE KEY `tbl_academic_years_academic_year_unique` (`academic_year`)
) ENGINE=InnoDB DEFAULT CHARSET=utf8mb4 COLLATE=utf8mb4_unicode_ci;
/*!40101 SET character_set_client = @saved_cs_client */;

--
-- Dumping data for table `tbl_academic_years`
--

LOCK TABLES `tbl_academic_years` WRITE;
/*!40000 ALTER TABLE `tbl_academic_years` DISABLE KEYS */;
/*!40000 ALTER TABLE `tbl_academic_years` ENABLE KEYS */;
UNLOCK TABLES;

--
-- Table structure for table `tbl_guardians`
--

DROP TABLE IF EXISTS `tbl_guardians`;
/*!40101 SET @saved_cs_client     = @@character_set_client */;
/*!40101 SET character_set_client = utf8 */;
CREATE TABLE `tbl_guardians` (
  `id` bigint(20) unsigned NOT NULL AUTO_INCREMENT,
  `student_id` int(11) NOT NULL,
  `name` varchar(150) NOT NULL,
  `relation` varchar(50) DEFAULT NULL,
  `phone` varchar(30) DEFAULT NULL,
  `email` varchar(150) DEFAULT NULL,
  `occupation` varchar(100) DEFAULT NULL,
  `address` varchar(255) DEFAULT NULL,
  `is_primary_contact` tinyint(1) NOT NULL DEFAULT 0,
  `created_at` timestamp NOT NULL DEFAULT current_timestamp(),
  `updated_at` timestamp NULL DEFAULT NULL,
  PRIMARY KEY (`id`)
) ENGINE=InnoDB DEFAULT CHARSET=utf8mb4 COLLATE=utf8mb4_unicode_ci;
/*!40101 SET character_set_client = @saved_cs_client */;

--
-- Dumping data for table `tbl_guardians`
--

LOCK TABLES `tbl_guardians` WRITE;
/*!40000 ALTER TABLE `tbl_guardians` DISABLE KEYS */;
/*!40000 ALTER TABLE `tbl_guardians` ENABLE KEYS */;
UNLOCK TABLES;

--
-- Table structure for table `tbl_permissions`
--

DROP TABLE IF EXISTS `tbl_permissions`;
/*!40101 SET @saved_cs_client     = @@character_set_client */;
/*!40101 SET character_set_client = utf8 */;
CREATE TABLE `tbl_permissions` (
  `id` bigint(20) unsigned NOT NULL AUTO_INCREMENT,
  `name` varchar(255) NOT NULL,
  `slug` varchar(255) NOT NULL,
  `module` varchar(255) DEFAULT NULL,
  `description` varchar(255) DEFAULT NULL,
  `is_active` tinyint(1) NOT NULL DEFAULT 1,
  `created_by` bigint(20) unsigned DEFAULT NULL,
  `created_at` timestamp NULL DEFAULT NULL,
  `updated_at` timestamp NULL DEFAULT NULL,
  PRIMARY KEY (`id`),
  UNIQUE KEY `tbl_permissions_name_unique` (`name`),
  UNIQUE KEY `tbl_permissions_slug_unique` (`slug`)
) ENGINE=InnoDB AUTO_INCREMENT=26 DEFAULT CHARSET=utf8mb4 COLLATE=utf8mb4_unicode_ci;
/*!40101 SET character_set_client = @saved_cs_client */;

--
-- Dumping data for table `tbl_permissions`
--

LOCK TABLES `tbl_permissions` WRITE;
/*!40000 ALTER TABLE `tbl_permissions` DISABLE KEYS */;
INSERT INTO `tbl_permissions` VALUES (1,'View Students','view_students','Students','Allows viewing student records',1,1,'2025-12-30 15:16:51','2025-12-30 15:16:51'),(2,'Create Students','create_students','Students','Allows creating new students',1,1,'2025-12-30 15:16:51','2025-12-30 15:16:51'),(3,'Edit Students','edit_students','Students','Allows editing student information',1,1,'2025-12-30 15:16:51','2025-12-30 15:16:51'),(4,'Delete Students','delete_students','Students','Allows deleting student records',1,1,'2025-12-30 15:16:51','2025-12-30 15:16:51'),(5,'View Subjects','view_subjects','Subjects','Allows viewing subjects',1,1,'2025-12-30 15:16:51','2025-12-30 15:16:51'),(6,'Create Subjects','create_subjects','Subjects','Allows creating new subjects',1,1,'2025-12-30 15:16:51','2025-12-30 15:16:51'),(7,'Edit Subjects','edit_subjects','Subjects','Allows editing subject details',1,1,'2025-12-30 15:16:51','2025-12-30 15:16:51'),(8,'Delete Subjects','delete_subjects','Subjects','Allows deleting subjects',1,1,'2025-12-30 15:16:51','2025-12-30 15:16:51'),(9,'View Teachers','view_teachers','Teachers','Allows viewing teachers',1,1,'2025-12-30 15:16:51','2025-12-30 15:16:51'),(10,'Create Teachers','create_teachers','Teachers','Allows creating new teachers',1,1,'2025-12-30 15:16:51','2025-12-30 15:16:51'),(11,'Edit Teachers','edit_teachers','Teachers','Allows editing teacher information',1,1,'2025-12-30 15:16:51','2025-12-30 15:16:51'),(12,'Delete Teachers','delete_teachers','Teachers','Allows deleting teacher records',1,1,'2025-12-30 15:16:51','2025-12-30 15:16:51'),(13,'View Roles','view_roles','Roles','Allows viewing roles',1,1,'2025-12-30 15:16:51','2025-12-30 15:16:51'),(14,'Create Roles','create_roles','Roles','Allows creating new roles',1,1,'2025-12-30 15:16:51','2025-12-30 15:16:51'),(15,'Edit Roles','edit_roles','Roles','Allows editing roles',1,1,'2025-12-30 15:16:51','2025-12-30 15:16:51'),(16,'Delete Roles','delete_roles','Roles','Allows deleting roles',1,1,'2025-12-30 15:16:51','2025-12-30 15:16:51'),(17,'Assign Permissions','assign_permissions','Roles','Allows assigning permissions to roles',1,1,'2025-12-30 15:16:51','2025-12-30 15:16:51'),(18,'View Permissions','view_permissions','Permissions','Allows viewing permissions',1,1,'2025-12-30 15:16:51','2025-12-30 15:16:51'),(19,'Create Permissions','create_permissions','Permissions','Allows creating permissions',1,1,'2025-12-30 15:16:51','2025-12-30 15:16:51'),(20,'Edit Permissions','edit_permissions','Permissions','Allows editing permissions',1,1,'2025-12-30 15:16:51','2025-12-30 15:16:51'),(21,'Delete Permissions','delete_permissions','Permissions','Allows deleting permissions',1,1,'2025-12-30 15:16:51','2025-12-30 15:16:51'),(22,'View Users','view_users','Users','Allows viewing users',1,1,'2025-12-30 15:16:51','2025-12-30 15:16:51'),(23,'Create Users','create_users','Users','Allows creating users',1,1,'2025-12-30 15:16:51','2025-12-30 15:16:51'),(24,'Edit Users','edit_users','Users','Allows editing user information',1,1,'2025-12-30 15:16:51','2025-12-30 15:16:51'),(25,'Delete Users','delete_users','Users','Allows deleting users',1,1,'2025-12-30 15:16:51','2025-12-30 15:16:51');
/*!40000 ALTER TABLE `tbl_permissions` ENABLE KEYS */;
UNLOCK TABLES;

--
-- Table structure for table `tbl_role_permission`
--

DROP TABLE IF EXISTS `tbl_role_permission`;
/*!40101 SET @saved_cs_client     = @@character_set_client */;
/*!40101 SET character_set_client = utf8 */;
CREATE TABLE `tbl_role_permission` (
  `role_id` bigint(20) unsigned NOT NULL,
  `permission_id` bigint(20) unsigned NOT NULL,
  `is_active` tinyint(1) NOT NULL DEFAULT 1,
  `created_by` bigint(20) unsigned DEFAULT NULL,
  `created_at` timestamp NULL DEFAULT NULL,
  `updated_at` timestamp NULL DEFAULT NULL,
  PRIMARY KEY (`role_id`,`permission_id`),
  KEY `tbl_role_permission_permission_id_foreign` (`permission_id`),
  CONSTRAINT `tbl_role_permission_permission_id_foreign` FOREIGN KEY (`permission_id`) REFERENCES `tbl_permissions` (`id`) ON DELETE CASCADE,
  CONSTRAINT `tbl_role_permission_role_id_foreign` FOREIGN KEY (`role_id`) REFERENCES `tbl_roles` (`id`) ON DELETE CASCADE
) ENGINE=InnoDB DEFAULT CHARSET=utf8mb4 COLLATE=utf8mb4_unicode_ci;
/*!40101 SET character_set_client = @saved_cs_client */;

--
-- Dumping data for table `tbl_role_permission`
--

LOCK TABLES `tbl_role_permission` WRITE;
/*!40000 ALTER TABLE `tbl_role_permission` DISABLE KEYS */;
INSERT INTO `tbl_role_permission` VALUES (1,1,1,1,'2025-12-30 15:24:51','2025-12-30 15:24:51'),(1,2,1,1,'2025-12-30 15:24:51','2025-12-30 15:24:51'),(1,3,1,1,'2025-12-30 15:24:51','2025-12-30 15:24:51'),(1,4,1,1,'2025-12-30 15:24:51','2025-12-30 15:24:51'),(1,5,1,1,'2025-12-30 15:24:51','2025-12-30 15:24:51'),(1,6,1,1,'2025-12-30 15:24:51','2025-12-30 15:24:51'),(1,7,1,1,'2025-12-30 15:24:51','2025-12-30 15:24:51'),(1,8,1,1,'2025-12-30 15:24:51','2025-12-30 15:24:51'),(1,9,1,1,'2025-12-30 15:24:51','2025-12-30 15:24:51'),(1,10,1,1,'2025-12-30 15:24:51','2025-12-30 15:24:51'),(1,11,1,1,'2025-12-30 15:24:51','2025-12-30 15:24:51'),(1,12,1,1,'2025-12-30 15:24:51','2025-12-30 15:24:51'),(1,13,1,1,'2025-12-30 15:24:51','2025-12-30 15:24:51'),(1,14,1,1,'2025-12-30 15:24:51','2025-12-30 15:24:51'),(1,15,1,1,'2025-12-30 15:24:51','2025-12-30 15:24:51'),(1,16,1,1,'2025-12-30 15:24:51','2025-12-30 15:24:51'),(1,17,1,1,'2025-12-30 15:24:51','2025-12-30 15:24:51'),(1,18,1,1,'2025-12-30 15:24:51','2025-12-30 15:24:51'),(1,19,1,1,'2025-12-30 15:24:51','2025-12-30 15:24:51'),(1,20,1,1,'2025-12-30 15:24:51','2025-12-30 15:24:51'),(1,21,1,1,'2025-12-30 15:24:51','2025-12-30 15:24:51'),(1,22,1,1,'2025-12-30 15:24:51','2025-12-30 15:24:51'),(1,23,1,1,'2025-12-30 15:24:51','2025-12-30 15:24:51'),(1,24,1,1,'2025-12-30 15:24:51','2025-12-30 15:24:51'),(1,25,1,1,'2025-12-30 15:24:51','2025-12-30 15:24:51');
/*!40000 ALTER TABLE `tbl_role_permission` ENABLE KEYS */;
UNLOCK TABLES;

--
-- Table structure for table `tbl_roles`
--

DROP TABLE IF EXISTS `tbl_roles`;
/*!40101 SET @saved_cs_client     = @@character_set_client */;
/*!40101 SET character_set_client = utf8 */;
CREATE TABLE `tbl_roles` (
  `id` bigint(20) unsigned NOT NULL AUTO_INCREMENT,
  `parent_id` bigint(20) unsigned DEFAULT NULL,
  `name` varchar(255) NOT NULL,
  `description` varchar(255) DEFAULT NULL,
  `is_active` tinyint(1) NOT NULL DEFAULT 1,
  `created_by` bigint(20) unsigned DEFAULT NULL,
  `created_at` timestamp NULL DEFAULT NULL,
  `updated_at` timestamp NULL DEFAULT NULL,
  PRIMARY KEY (`id`),
  UNIQUE KEY `tbl_roles_name_unique` (`name`),
  KEY `tbl_roles_parent_id_foreign` (`parent_id`),
  CONSTRAINT `tbl_roles_parent_id_foreign` FOREIGN KEY (`parent_id`) REFERENCES `tbl_roles` (`id`) ON DELETE SET NULL
) ENGINE=InnoDB AUTO_INCREMENT=11 DEFAULT CHARSET=utf8mb4 COLLATE=utf8mb4_unicode_ci;
/*!40101 SET character_set_client = @saved_cs_client */;

--
-- Dumping data for table `tbl_roles`
--

LOCK TABLES `tbl_roles` WRITE;
/*!40000 ALTER TABLE `tbl_roles` DISABLE KEYS */;
INSERT INTO `tbl_roles` VALUES (1,NULL,'Super Admin','System owner with full permissions',1,1,'2025-12-30 14:38:07','2025-12-30 14:38:07'),(2,NULL,'Principal','Head of the school',1,1,'2025-12-30 14:38:07','2025-12-30 14:38:07'),(3,NULL,'Vice Principal','Assists the principal',1,1,'2025-12-30 14:38:07','2025-12-30 14:38:07'),(4,NULL,'Teacher','Teaches subjects to students',1,1,'2025-12-30 14:38:07','2025-12-30 14:38:07'),(5,NULL,'Class Teacher','Responsible for a specific class',1,1,'2025-12-30 14:38:07','2025-12-30 14:38:07'),(6,NULL,'Accountant','Manages fees and financial records',1,1,'2025-12-30 14:38:07','2025-12-30 14:38:07'),(7,NULL,'Librarian','Manages library books and records',1,1,'2025-12-30 14:38:07','2025-12-30 14:38:07'),(8,NULL,'Receptionist','Handles front desk and inquiries',1,1,'2025-12-30 14:38:07','2025-12-30 14:38:07'),(9,NULL,'Student','School student',1,1,'2025-12-30 14:38:07','2025-12-30 14:38:07'),(10,NULL,'Parent','Guardian of student',1,1,'2025-12-30 14:38:07','2025-12-30 14:38:07');
/*!40000 ALTER TABLE `tbl_roles` ENABLE KEYS */;
UNLOCK TABLES;

--
-- Table structure for table `tbl_subjects`
--

DROP TABLE IF EXISTS `tbl_subjects`;
/*!40101 SET @saved_cs_client     = @@character_set_client */;
/*!40101 SET character_set_client = utf8 */;
CREATE TABLE `tbl_subjects` (
  `id` bigint(20) unsigned NOT NULL AUTO_INCREMENT,
  `name` varchar(255) NOT NULL,
  `is_active` tinyint(1) NOT NULL DEFAULT 1,
  `type` enum('core','optional','extra_curricular') NOT NULL DEFAULT 'core',
  `description` text DEFAULT NULL,
  `code` varchar(255) DEFAULT NULL,
  `created_at` timestamp NULL DEFAULT NULL,
  `updated_at` timestamp NULL DEFAULT NULL,
  PRIMARY KEY (`id`),
  UNIQUE KEY `tbl_subjects_code_unique` (`code`)
) ENGINE=InnoDB DEFAULT CHARSET=utf8mb4 COLLATE=utf8mb4_unicode_ci;
/*!40101 SET character_set_client = @saved_cs_client */;

--
-- Dumping data for table `tbl_subjects`
--

LOCK TABLES `tbl_subjects` WRITE;
/*!40000 ALTER TABLE `tbl_subjects` DISABLE KEYS */;
/*!40000 ALTER TABLE `tbl_subjects` ENABLE KEYS */;
UNLOCK TABLES;

--
-- Table structure for table `tbl_teachers`
--

DROP TABLE IF EXISTS `tbl_teachers`;
/*!40101 SET @saved_cs_client     = @@character_set_client */;
/*!40101 SET character_set_client = utf8 */;
CREATE TABLE `tbl_teachers` (
  `id` bigint(20) unsigned NOT NULL AUTO_INCREMENT,
  `name` varchar(100) NOT NULL,
  `email` varchar(100) NOT NULL,
  `phone` varchar(15) DEFAULT NULL,
  `address` varchar(255) DEFAULT NULL,
  `subject_specialization` varchar(100) DEFAULT NULL,
  `status` enum('active','on_leave','resigned','retired') NOT NULL DEFAULT 'active',
  `joining_date` date NOT NULL,
  `leaving_date` date DEFAULT NULL,
  `qualification` varchar(150) DEFAULT NULL,
  `photo` varchar(255) DEFAULT NULL,
  `field1` varchar(255) DEFAULT NULL,
  `created_by` int(11) NOT NULL,
  `is_active` tinyint(1) NOT NULL DEFAULT 1,
  `date_of_birth` date DEFAULT NULL,
  `created_at` timestamp NULL DEFAULT NULL,
  `updated_at` timestamp NULL DEFAULT NULL,
  PRIMARY KEY (`id`),
  UNIQUE KEY `tbl_teachers_email_unique` (`email`)
) ENGINE=InnoDB DEFAULT CHARSET=utf8mb4 COLLATE=utf8mb4_unicode_ci;
/*!40101 SET character_set_client = @saved_cs_client */;

--
-- Dumping data for table `tbl_teachers`
--

LOCK TABLES `tbl_teachers` WRITE;
/*!40000 ALTER TABLE `tbl_teachers` DISABLE KEYS */;
/*!40000 ALTER TABLE `tbl_teachers` ENABLE KEYS */;
UNLOCK TABLES;

--
-- Table structure for table `tbl_terms`
--

DROP TABLE IF EXISTS `tbl_terms`;
/*!40101 SET @saved_cs_client     = @@character_set_client */;
/*!40101 SET character_set_client = utf8 */;
CREATE TABLE `tbl_terms` (
  `id` bigint(20) unsigned NOT NULL AUTO_INCREMENT,
  `academic_year_id` bigint(20) unsigned NOT NULL,
  `name` varchar(50) NOT NULL,
  `term_number` int(11) DEFAULT NULL,
  `start_date` date DEFAULT NULL,
  `end_date` date DEFAULT NULL,
  `created_at` timestamp NULL DEFAULT NULL,
  `updated_at` timestamp NULL DEFAULT NULL,
  PRIMARY KEY (`id`),
  KEY `idx_academic_year` (`academic_year_id`),
  CONSTRAINT `tbl_terms_academic_year_id_foreign` FOREIGN KEY (`academic_year_id`) REFERENCES `tbl_academic_years` (`id`) ON DELETE CASCADE
) ENGINE=InnoDB DEFAULT CHARSET=utf8mb4 COLLATE=utf8mb4_unicode_ci;
/*!40101 SET character_set_client = @saved_cs_client */;

--
-- Dumping data for table `tbl_terms`
--

LOCK TABLES `tbl_terms` WRITE;
/*!40000 ALTER TABLE `tbl_terms` DISABLE KEYS */;
/*!40000 ALTER TABLE `tbl_terms` ENABLE KEYS */;
UNLOCK TABLES;

--
-- Table structure for table `tbl_user_roles`
--

DROP TABLE IF EXISTS `tbl_user_roles`;
/*!40101 SET @saved_cs_client     = @@character_set_client */;
/*!40101 SET character_set_client = utf8 */;
CREATE TABLE `tbl_user_roles` (
  `user_id` bigint(20) unsigned NOT NULL,
  `role_id` bigint(20) unsigned NOT NULL,
  `is_active` tinyint(1) NOT NULL DEFAULT 1,
  `created_by` bigint(20) unsigned DEFAULT NULL,
  `created_at` timestamp NULL DEFAULT NULL,
  `updated_at` timestamp NULL DEFAULT NULL,
  PRIMARY KEY (`user_id`,`role_id`),
  KEY `tbl_user_roles_role_id_foreign` (`role_id`),
  CONSTRAINT `tbl_user_roles_role_id_foreign` FOREIGN KEY (`role_id`) REFERENCES `tbl_roles` (`id`) ON DELETE CASCADE,
  CONSTRAINT `tbl_user_roles_user_id_foreign` FOREIGN KEY (`user_id`) REFERENCES `users` (`id`) ON DELETE CASCADE
) ENGINE=InnoDB DEFAULT CHARSET=utf8mb4 COLLATE=utf8mb4_unicode_ci;
/*!40101 SET character_set_client = @saved_cs_client */;

--
-- Dumping data for table `tbl_user_roles`
--

LOCK TABLES `tbl_user_roles` WRITE;
/*!40000 ALTER TABLE `tbl_user_roles` DISABLE KEYS */;
INSERT INTO `tbl_user_roles` VALUES (1,1,1,1,'2025-12-30 15:20:00','2025-12-30 15:20:00');
/*!40000 ALTER TABLE `tbl_user_roles` ENABLE KEYS */;
UNLOCK TABLES;

--
-- Table structure for table `users`
--

DROP TABLE IF EXISTS `users`;
/*!40101 SET @saved_cs_client     = @@character_set_client */;
/*!40101 SET character_set_client = utf8 */;
CREATE TABLE `users` (
  `id` bigint(20) unsigned NOT NULL AUTO_INCREMENT,
  `name` varchar(255) NOT NULL,
  `email` varchar(255) NOT NULL,
  `email_verified_at` timestamp NULL DEFAULT NULL,
  `password` varchar(255) NOT NULL,
  `remember_token` varchar(100) DEFAULT NULL,
  `is_active` tinyint(1) DEFAULT NULL,
  `created_by` bigint(20) unsigned DEFAULT NULL,
  `created_at` timestamp NULL DEFAULT NULL,
  `updated_at` timestamp NULL DEFAULT NULL,
  PRIMARY KEY (`id`),
  UNIQUE KEY `users_email_unique` (`email`)
) ENGINE=InnoDB AUTO_INCREMENT=2 DEFAULT CHARSET=utf8mb4 COLLATE=utf8mb4_unicode_ci;
/*!40101 SET character_set_client = @saved_cs_client */;

--
-- Dumping data for table `users`
--

LOCK TABLES `users` WRITE;
/*!40000 ALTER TABLE `users` DISABLE KEYS */;
INSERT INTO `users` VALUES (1,'Prasun Neupane','prasunneupane@gmail.com',NULL,'$2y$12$xPEYUCFdIvKExD8Yg.REsOaeUtHhekoJ.yIIzLKm/zx7av74pVjfy',NULL,1,NULL,'2025-12-30 14:25:24','2025-12-30 14:25:24');
/*!40000 ALTER TABLE `users` ENABLE KEYS */;
UNLOCK TABLES;
/*!40103 SET TIME_ZONE=@OLD_TIME_ZONE */;

/*!40101 SET SQL_MODE=@OLD_SQL_MODE */;
/*!40014 SET FOREIGN_KEY_CHECKS=@OLD_FOREIGN_KEY_CHECKS */;
/*!40014 SET UNIQUE_CHECKS=@OLD_UNIQUE_CHECKS */;
/*!40101 SET CHARACTER_SET_CLIENT=@OLD_CHARACTER_SET_CLIENT */;
/*!40101 SET CHARACTER_SET_RESULTS=@OLD_CHARACTER_SET_RESULTS */;
/*!40101 SET COLLATION_CONNECTION=@OLD_COLLATION_CONNECTION */;
/*!40111 SET SQL_NOTES=@OLD_SQL_NOTES */;

-- Dump completed on 2025-12-31  8:28:01
